"","X1","X2","X3","X4","Y"
"1",0.283568905208964,0.663746631690888,-0.632976332018572,0.0377718337505084,0.163779115742051
"2",0.841562865883316,0.334681414490735,0.00866978669910587,0.0111579956618225,0.235320653893766
"3",0.852140250006164,-0.0525032902189139,0.312380693695299,0.0165525189693852,0.18646798701877
"4",-1.33896775807433,0.0928740372890628,-0.909568029845566,0.0296869637767491,-0.670851394364889
"5",0.330062630297322,0.12854463615284,-0.345695101753033,-0.011660919996318,0.130078229083569
"6",1.07758905804441,0.510919083766405,0.65934187677258,-0.00780949009338566,0.337589784668326
"7",1.08747707110188,-0.188275042902705,-0.370100058968465,0.00691101923313821,0.262751229612383
"8",-1.9824004559757,0.679898679701968,0.0442768429363451,0.00104336060467881,-0.306464988098993
"9",-0.526275982616283,-0.243726972281662,-0.228351223410794,0.0262765660371436,0.0110218349364383
"10",0.382255086395079,0.083565291776138,-0.7992880754791,0.00100462367980797,-0.133426754147898
"11",-0.614389407144818,0.338550410248696,-0.0294105913923795,0.0141130891322653,-0.162512129674011
"12",-1.96710570009373,-0.0908839307226977,-0.4235999947598,-0.0110882866581841,-0.685027697645898
"13",0.327091532890851,-0.736395135096566,0.423739699925848,0.0087068582772133,0.345928111661625
"14",-2.23447416682263,0.376838701277783,0.143018571309063,0.00694219766276233,-0.666747495187735
"15",0.933675967750052,-1.24018505215879,0.796935795462524,0.0199520784481014,0.984217939043762
"16",-1.80818009472737,-0.193834341835651,0.148778379764509,0.0196247603639245,-0.439956466199921
"17",1.40643764137623,-0.86636537275297,0.726173026894912,0.0297420443554524,0.85247307468968
"18",1.36535446105225,-0.22583024177825,0.998413735178675,0.0316523406331046,0.470761924513921
"19",2.56452915352792,-0.106777604357432,0.0402487701971668,0.00962501926724247,0.851051630840222
"20",0.37833816276571,0.911261111238702,-0.181292767818998,0.0110690221965506,0.197890364095644
"21",-0.482917598751462,-0.957561507375779,0.387681025438667,0.016749506050867,0.148826604580316
"22",-0.384973078822405,0.592199456196821,-0.0101901899542708,0.0216243761670322,-0.0673645745768489
"23",-0.34693338533439,0.0855944464343866,-1.00510050030478,0.0070884863849866,-0.399888617254948
"24",0.0258196841772884,-0.482948661116546,1.05276798879835,0.00544968390898151,0.406123869768808
"25",-0.365051296753186,0.00929175123362326,0.305427898104511,0.0153522993206782,0.149923541808719
"26",0.4543903366642,-0.182532421362777,-0.778839270747386,0.015674219963872,0.0215981010122816
"27",0.683554634208573,0.509679361048268,0.950808472547526,0.0255426121558361,0.455453644306107
"28",1.17076133184086,0.377044050924781,-0.148753902999852,0.0204472689598932,0.430848161702187
"29",-0.522906549989073,0.439914117082519,0.515346918910524,0.00934496865109316,-0.175951380265941
"30",1.68071499656045,0.154854796091251,-0.525188423179127,0.0217498999111157,0.303166949381765
"31",-0.621394217259154,0.160585469049173,-0.0522222309842554,6.27650027304298e-05,-0.186044616594348
"32",-0.371268911158347,0.215907584434444,-0.102965020754589,0.0309923804454339,-0.118740731064271
"33",1.15307571760662,-0.346532701663516,-0.286288433605203,0.000220553794027309,0.23748793410966
"34",1.17154790589048,-0.184929303168025,-0.0618810370120047,0.0371178090002552,0.297033568285042
"35",1.78997884097068,-0.469401321010683,0.50808037648027,0.0114093696828307,0.574972415150324
"36",1.10312646361566,1.32928475984388,0.0356970384150268,0.0270401727904773,0.812517008365135
"37",2.35637012559958,-0.585198764521153,-0.27473065179275,-0.000773454188071948,0.492426869178621
"38",0.704872830814234,-0.821465572840578,-0.651635704109944,0.0118723379969166,0.037918197490232
"39",0.786268379727606,0.434108400137054,0.145016779728215,0.00441580997252075,0.356021417604403
"40",0.576984459255293,0.532381268342702,-0.589690820150783,0.0217350627884447,-0.110421370048526
"41",0.102286581950769,-0.483353371115124,0.525599641874672,0.00889800261410701,0.163588241542608
"42",2.12967681967979,0.61874745648161,0.259853903400135,0.0288680591807326,0.928140951029458
"43",0.839728934073091,1.21879002961839,-0.661966258979335,0.0182540994531504,0.326441179195618
"44",-0.200204956410333,-0.224061531372508,0.227901344987911,0.0196967614086064,0.042042037612027
"45",-1.13703414793199,-0.0929509330003499,-0.256578159453367,0.0185561447003094,-0.113544086635738
"46",-0.762464603559592,-0.430779173121559,-0.44463656966464,0.00550693784696493,-0.206830153743423
"47",-0.946975360867599,0.158068950291483,1.30011919079659,0.00489542440264005,0.277968252410362
"48",0.0238504856598461,0.509496063142559,-0.67034327326427,0.023442502046877,-0.0471553283172303
"49",-2.00031572705048,0.401953839302332,-0.603695863876647,0.0320205037864162,-0.559225938415265
"50",-0.636613481597599,-0.0992462427851789,0.179585734667815,0.013784621707376,-0.125163902900752
"51",-1.3048271228328,0.602157385691641,-1.0838301675981,0.0276191151056828,-0.609085518426784
"52",-0.45256827467152,0.257925690714469,0.498389182641994,0.00486035002956927,0.073916537458788
"53",0.207779198756323,-0.137446892236052,0.815991620901071,0.00101979943177762,0.332521130561361
"54",0.0440946639738925,0.92680951180214,0.369788368195033,0.00824291143283951,0.331140507049954
"55",-0.678472511353113,0.403535957897326,-0.351378405948244,0.0178004422109898,-0.184421703465578
"56",-0.528984682363468,-0.187450402025192,0.136422741743338,0.00615706890124495,-0.105713647312981
"57",2.34408284499145,-0.305017556218784,1.00782929991615,0.0196056879898987,0.773215393169312
"58",-0.489653536055799,-0.631919440718445,0.320949073308185,-0.0020811566271056,0.134790023362039
"59",-0.870454374132713,-0.214740478056392,-0.832865159296274,0.0115226969788151,-0.481788716253247
"60",1.29624961283904,0.722856877090006,-0.362481178668568,0.0239515593615199,0.40596080180547
"61",-0.10388004559657,-0.970706088883144,-0.464611443981976,-0.00165132623058624,0.103895060723118
"62",0.660394233790076,1.25845113831918,-0.332516561807262,0.0280646805538958,0.524753423810151
"63",-1.29669547772202,-0.0108580955050841,-0.169336221294377,0.0112420846516424,-0.306195090660485
"64",1.54626820035508,-0.304461499759537,0.761026062531103,0.007531823270238,0.477353522273493
"65",0.644843003860233,-0.62718628351243,-0.204745748915169,-0.00362627027368831,0.291515817791829
"66",2.61732039878981,-0.389936370866022,-0.565853234428569,0.0203764904311691,0.50422507740864
"67",0.312934363390189,0.150797852156954,-0.166517635386438,0.0203415467026367,0.0338725727142837
"68",-0.546212656613961,0.760687358385665,0.921800017587058,0.00763930570945641,0.100974396556656
"69",0.253126465294634,-0.51578355240229,-0.514755169855205,0.0113941792013374,0.155537309081693
"70",1.7685556973386,-0.152594990223241,-0.255237993423967,-0.000822959810489543,0.404363041633385
"71",1.873672088444,-0.728775413414101,0.704009089226466,0.0222522784722484,0.735084411339432
"72",0.706045380512834,0.438060411383461,0.633581955264458,0.00872256409366643,0.48508140502121
"73",0.617039824806617,-0.476474013526744,0.449949615280503,0.0220124563391274,0.293968404096153
"74",0.962098635400467,0.396432794970895,1.73150474743763,0.0208151170145423,0.719261548407591
"75",1.15586006070635,-0.658747927101459,-0.195826978738275,0.00944736097134487,0.510233727627337
"76",-1.77729674661509,-0.418917024189667,-0.101431948635573,0.0106760160186729,-0.414755179958667
"77",-1.96389561996636,0.834079360371004,-0.230383210117558,0.0148525284987474,-0.261904944093516
"78",-1.38326634148885,-0.176969372492461,1.2368247581807,0.0141036434612489,0.202069541793351
"79",-0.879063675046991,-1.10617567540711,-0.304648778327301,0.0130453964017499,0.0367159157550805
"80",1.21230004041289,-0.454134268457648,-0.273944556880168,-0.00814034567421009,0.37217284982591
"81",1.38675870983221,-0.609432353965582,1.26132452400375,0.0225332558476021,0.691207851838957
"82",-1.03861369178129,-1.12567654586375,-0.214471635196502,0.00311384926658803,0.0415507479794862
"83",-0.653444402187153,-0.204718217103121,-1.09891285617872,0.0273715139812378,-0.456564875650147
"84",-1.5359169799524,0.7082627492483,-1.72866471585864,0.0266901283560225,-0.780244742235839
"85",0.443796455756032,0.142157722506337,0.0512760968797829,0.0117693590856201,0.0449023017307627
"86",-0.671200406693683,-1.28782517727893,0.138413648882461,0.0191796993750393,0.352562113169261
"87",-0.0547484250696496,-0.670542773310674,0.369678274987189,0.00637087056771352,0.0657125745403775
"88",1.48062425908952,0.446193944742032,-0.773236938660819,0.00789591133236528,0.466795593335412
"89",0.166784161871885,-0.9310506721991,1.2433032398614,0.00470581993166059,0.588783405828749
"90",1.92208090080829,-1.26061863766971,0.354384073234289,0.043889879412457,0.95183358627535
"91",-2.11603000309695,-0.238716238059131,0.498511263718637,0.014143813453671,-0.335601221956661
"92",0.15479494628982,-0.758801707080873,-1.44958122223981,0.0204675692281654,-0.0143675331995538
"93",0.48425668966968,0.225818576785066,-0.362645379622845,0.00415921091938347,0.0928283142777492
"94",-2.49499728178933,-0.908213295944343,-0.799476225678028,-0.000638185925673376,-0.601138194294439
"95",-0.910616852088997,-0.652421915543561,0.280638784581194,0.00923131684903695,-0.0538866524784802
"96",1.87770707543907,0.112929276871112,1.03505078262832,0.00259727327191328,0.65872348900488
"97",-1.0348345621927,0.19688655142296,0.627367367958191,0.00809697740479706,0.00810996798028198
"98",0.210305945456373,-0.435503529218235,-0.295585105099832,0.0374287315732156,-0.109508348106121
"99",-0.174240429737033,0.453051924442788,0.763370917406195,0.000561572322777794,0.328107785046448
"100",-1.98118690321242,0.183825114109202,-0.649144498085704,0.0254044808866243,-0.672143951384867
"101",2.14729335348833,0.428674284034744,0.173676241845267,0.0183635662077218,0.524494078033189
"102",0.9601399253384,-0.152699127771983,-0.576138687861097,0.0130471782186572,0.0915035593759743
"103",-2.21614570483881,-0.367415046620222,0.897752819756193,0.0137055898214571,-0.271366894643064
"104",-0.759223980248534,-0.658152213145931,0.00392858390713143,0.0171419524274962,-0.167498870483722
"105",-1.5289134739385,-0.0127867650917099,0.414941210470484,0.00927030504323133,-0.170834818476971
"106",-0.0972868741581916,-0.0430736100846235,-0.420980071987138,0.0245950237301597,-0.0772629485112493
"107",-0.178858677732344,0.103169476076564,0.257272618658254,0.0107071949181994,0.0282532330359031
"108",1.60838754680673,-0.585847312559233,-0.182847511151136,0.0322927846360337,0.315206137366559
"109",-0.533018570104305,0.283230545040224,-1.36420706843547,0.0390082099857202,-0.377442821799921
"110",-1.15747741371481,-1.35309386556346,0.550959597095423,0.0136854638573564,0.279979947923201
"111",-0.141302478160857,-0.6111989240885,-0.477229478610497,0.0136058304878304,-0.0262836529184431
"112",0.160533728734931,-0.128064882857467,-0.596039507398275,0.0091542866106533,-0.17355470727298
"113",-0.86149558755435,-0.0332645287401962,0.584293679341438,0.00282711774840268,-0.193980352782464
"114",0.263222701958899,-0.390147083188707,0.0666172970872884,0.00989467295061794,0.297770387971708
"115",0.518449446688739,0.705026002160565,0.0203960723371847,0.00187759854777008,0.263550573132131
"116",-0.244181308740176,1.04855280092542,-0.889227325471978,0.0292362586032921,0.0158502517916009
"117",0.852531363653855,0.99863498700015,0.77983871398359,0.0156201497677583,0.626566985649867
"118",-1.18743608607231,-0.300037099508002,-0.0466926763047317,0.0251363997951664,-0.329445450493905
"119",2.25163737324742,-0.533808041218595,0.310719287331704,0.0378223131833581,0.660362335791009
"120",-2.47967560539849,-0.270450396820298,-0.204033945162936,0.0176990459590892,-0.539980276521
"121",0.519794079965217,0.283085311358999,-0.240855754248474,0.0074767413898779,0.220541327778392
"122",2.17192416796351,0.221999292557437,-0.0294407397310393,-0.00506520992390053,0.444240057898621
"123",0.174907577999085,-0.0878774893734955,0.592283258979365,0.0128498990743091,0.209065930240155
"124",-0.368158223569012,0.0132564664622307,-0.184175360523601,0.02427269251361,-0.0116564498777393
"125",0.84998391785282,0.763420389362567,0.205607546572201,0.0214098890516959,0.455260715067827
"126",0.567363383748134,-0.173739599264202,1.26312723724835,0.0138041228504202,0.437610332711754
"127",-0.277200325894669,-0.893790392646113,-0.307681473884108,0.0230559611323262,-0.0476553666233736
"128",-0.00600748112284926,-0.413344508894696,0.239223088169807,0.000421578345609153,-0.182671484334577
"129",-2.41597619285846,-0.0859407463151047,-0.322654359672088,0.0123215676226934,-0.697723274712121
"130",-0.429642499216821,0.199120592425486,-0.91276168761457,0.0104983062738961,-0.374863870956722
"131",1.96829565378216,-0.233870754300753,0.113143155274808,0.0205074727532699,0.426941420284792
"132",-0.246401548677031,-1.36723413471723,0.349756608688228,0.0310951619002644,0.502010870751963
"133",-0.144165687718867,0.479377622745666,-1.62658003310301,-0.014028134475704,-0.384386978843182
"134",0.994596175607301,0.16338909404442,1.04598268381643,0.0129784935550453,0.302167557785523
"135",0.542729057708496,0.677853682993013,0.333024694560705,0.0147866923243614,0.306666560836486
"136",-0.352684726662437,0.121395634623565,0.38863931749128,0.0211134803547232,0.204447797179813
"137",0.509057739607123,0.00826065626973973,0.0372412389580016,0.00190180798015757,0.247173086327232
"138",1.24887654079442,-1.06322764915501,0.468869158504291,0.0112279867813769,0.775429284871064
"139",-0.409678488086262,0.108837858498879,0.182434128577025,0.0219872209567908,-0.0662824752259766
"140",-1.60551558599735,-0.667597809449409,-0.810520692646943,-0.00889696590042438,-0.483688988042678
"141",0.881268362740343,0.562383784459725,-0.872680062818272,0.0168125937821309,0.214695652505658
"142",0.325600093559343,0.705939604707304,0.399956364719269,0.0147550587765869,0.372123037037729
"143",-0.241010643667642,0.304029064698929,0.538977793898099,0.00474349902287869,0.0761463422473591
"144",-1.52910652203086,1.84128531756789,-0.495830251310374,0.00654468824260777,0.238220072348914
"145",1.7824996761115,-0.553403912778087,-0.687061787605504,0.015503507139306,0.415870278574474
"146",-0.665676844855649,-0.315495530500456,0.390196795840571,-0.000493505626660482,-0.144459951178652
"147",0.105012290286882,0.49291876967289,1.42782458782877,0.0155126703704093,0.551844558912567
"148",-0.664298021509313,0.788697131942685,0.533086341454214,0.0145304333461328,-0.143246033432846
"149",0.527158721623883,0.455640663349535,0.45708730856019,0.0143825930968775,0.345808008901632
"150",0.114415966901305,0.460827083522156,0.339766630142525,-0.0135300959543833,0.0447645156690262
"151",-1.73580785878816,-0.273263329710468,-0.449107207257977,0.0193943357319742,-0.613800153689876
"152",-0.256015367933643,-0.716851740228477,-0.174979677245706,0.0306534412811597,-0.00298453078515416
"153",0.206636534388698,0.199265248638988,-0.481942766948782,0.0333335252101285,-0.0204363797934237
"154",-0.426049198946574,-0.510775243099145,0.382299849548004,0.0141189844692663,0.22911359444023
"155",-1.0889286805465,0.754730013646771,0.274312786062111,0.00862620917100021,-0.240285584133698
"156",-0.193024495360632,0.628361664327226,-0.0125105022410721,0.0140342742487681,0.0665075521594222
"157",0.0715270574408691,0.910693151407548,-0.100062227352537,0.0132293547089261,0.110705355923783
"158",-0.381614692453565,-0.00284637698495056,0.274490815257264,0.011267771227661,-0.18966375032175
"159",-0.311412294320708,0.372288349625588,-1.21048514552762,0.0127403708788487,-0.609223935516631
"160",1.03238693940067,-0.496732407868361,0.00317655894243279,0.0122627649170975,0.500457330692775
"161",0.793418905440895,0.0565080987438081,0.382216176331494,-0.00312072384113347,0.335886321853912
"162",0.22866979006071,-0.378863026844145,-0.263225123797756,0.00975912277327322,-0.0314317640478068
"163",0.24101870608659,0.377342190378578,0.252272319451524,-0.00869003136742982,0.0866976883434202
"164",0.816726429480064,0.241916885755031,0.0500815890761433,0.0218319715975259,0.265893422922826
"165",0.396397767899559,-0.505521930744505,0.578379621778445,0.0356975967381406,0.167312714155049
"166",-0.320590302637246,-0.0676864631726589,-0.495366608252819,-0.0205287732595665,-0.245959641827727
"167",2.63970258021646,0.29232440417148,0.804837529638118,0.0180625451994178,1.04711437235144
"168",0.496266264198976,0.275112734455758,-0.178467380523421,0.0265971263237722,0.0605288865540788
"169",1.1644359775756,0.127954972340655,0.340888523600608,0.0133132111511198,0.274375455429404
"170",1.16170727650941,0.604766580107369,-0.00541672729698225,0.0134043297935609,0.48731991144076
"171",-0.90109886610796,0.585502503584501,-0.0779831492511537,0.0110263067876942,-0.0976716145242173
"172",-0.961333005059761,0.249930521644473,0.175721402745613,0.00281953464946392,-0.0497183618166879
"173",0.0935655526299223,0.0751455062430178,0.214237085179547,0.0198516893457526,0.0852269161913357
"174",-1.54205053576342,1.22349158376443,0.677048114654962,0.0099194424990855,0.0603424623286995
"175",-0.775796373780964,0.972084075093398,0.913408059729604,0.0107614083339,0.320629288783191
"176",-1.56079586420733,0.687780780448077,-0.0836872784931466,0.0071291983868725,-0.505003480833778
"177",1.31881149437776,-0.39292133270406,0.434301714426343,0.0240790594946909,0.496126547134543
"178",-1.16529764680498,-0.331973510815654,0.710164635702788,0.0170121949727357,-0.204280636033033
"179",1.43129739750041,-0.344728244999964,0.819429222250398,0.00333479061749356,0.602353711044065
"180",1.06958337061649,0.53101184028902,1.33025353646281,0.0193234271076136,0.703698973519885
"181",-0.0663783104069794,0.184293853821884,0.000149743043428536,0.0249831608995085,0.0233205525368988
"182",-1.34460730130707,-0.814139833982699,-0.500688536097561,0.0103234704706045,-0.2983408824168
"183",0.427350023687505,1.22461046243591,0.0491764858867785,0.0169716262143955,0.482480284046933
"184",-0.275984495849774,-0.135113732591648,-1.04702610193582,0.0305394950972403,-0.339532714193364
"185",-1.48382895431987,1.1993715459446,0.911452726599318,0.00746255632741334,0.11539735958749
"186",-0.574186466582722,-0.726905573512319,-0.766224252493238,0.0104347560058097,-0.197893943936288
"187",-0.365059590600899,-0.458472392121547,-0.0631227777774735,0.00778025911956178,-0.113954063713828
"188",1.50344053873025,0.405717907682186,-0.263629737854443,0.0172257158799892,0.409308036228917
"189",0.998269679899266,0.0517932202651388,0.732987542254965,0.0140562701098861,0.253726817480846
"190",0.559529087321823,-0.456403841914262,0.446577062049027,0.00750474351214883,0.186650647147139
"191",0.5702116718868,-0.360340200613256,-0.861259897501964,0.0262192798643199,0.0538511878119375
"192",-2.30478669402322,-0.426392054769762,-0.813244102504841,0.0177278371202746,-0.75157811143223
"193",-1.07630605569775,-0.760250476787749,0.379932887949064,0.00666257425178305,0.0544938330847319
"194",-0.93825161520229,0.0351794007606994,-0.622712957338211,-0.00246559757722967,-0.412511715981851
"195",-1.34875615418267,-0.93548995996852,0.432819795851751,0.00865185946189434,0.0862287676695747
"196",-0.340781043658079,-0.0334718644404095,0.0474236691091542,0.0141718351085092,-0.207393492740477
"197",-0.660372273378665,-0.212127674421693,0.213826423424946,-0.00146113080766,-0.189015783196624
"198",-2.0525943828438,0.600562850116834,-0.833476865119015,0.0330054790701689,-0.61419696950428
"199",-1.03258783531434,-0.0221016634697003,-0.632499406807436,0.0184235160844045,-0.360297980817757
"200",1.03819013487661,0.415305237929522,0.105793741802725,0.0161325166146076,0.48209165841015
"201",-0.387148835365183,-0.298995884423948,0.520764943772463,-0.000475628671094117,0.0995876729398034
"202",-1.8461438218329,-0.504201029268443,-0.303612763615996,0.0231281803361788,-0.373149129712401
"203",-1.08158388175848,-0.145734783259891,0.868361759659562,0.0126918960475336,-0.0450931388090296
"204",-1.49896056371513,0.0352940663803113,-0.999885681643821,0.00782486600484739,-0.690164125809971
"205",-1.0417833237535,0.232816385172794,0.132827439792318,0.0274678817254155,-0.296944638521165
"206",-1.16930687079696,0.442412794741327,0.274323185942803,0.0125947162728928,-0.185552369554024
"207",-1.70465530996153,-0.762991329578762,0.343529834628687,0.00517002348289199,-0.10860228467178
"208",-0.975153215203201,0.179787660065677,-1.33234356890259,0.0011967525621776,-0.39182478391996
"209",1.39004781233688,0.459094110353918,-0.234643419255081,0.00619566458442878,0.295248947057934
"210",-0.19675208673774,-1.05627034308499,1.04968047665554,0.0129730045777837,0.365948518955169
"211",1.1290848608882,0.838794672041481,0.112337311288293,0.00643440051260468,0.623657538748145
"212",0.743361651824785,0.353360192046673,0.967059462618214,0.00985276653767869,0.505123694078144
"213",0.629877671722928,-0.273667517531839,0.0841601374889154,0.0013427506436035,0.280712435230626
"214",-0.889024038073473,0.395423133142554,-0.00967798579732283,0.0326866342912379,-0.214445310593085
"215",0.140161024276221,0.161814618737129,-0.45138832372761,0.00712062886858132,-0.0427840089021504
"216",-0.971546618604394,-0.598154357797331,-0.367247631461724,0.0292936801494494,-0.176443921772547
"217",0.443285480936924,0.681677708349825,-0.587208902101992,0.0289079375789275,0.00744441674043364
"218",-0.470965467104268,0.1734632655446,0.983396740220081,0.0260859532902494,0.172693936502468
"219",0.0997276203132494,0.749574251076552,-0.887961704310151,0.00191675217954268,0.0114604931493383
"220",-0.255308056673988,0.375756572188901,0.141171088523847,0.0214792502045233,0.123974480460947
"221",0.170731160543326,0.580250235962269,0.505526559497995,0.00502410153448534,0.291156372155422
"222",0.481365517665701,-0.483719935313411,0.380723811737231,0.00695991551878966,0.284156946506028
"223",-1.06205431881406,-0.357629385999612,-0.911952123371816,-0.00331644505798775,-0.28334956562069
"224",-0.879144344879211,-0.100912060994391,-0.636922110548673,0.0132110182675335,-0.305197172726496
"225",0.30665001265137,-0.630908996057783,-0.14418106396666,0.0109917679125901,-0.000115063723911207
"226",2.66196884665315,-0.926567582452126,0.676402374302479,0.00237891438736408,1.13294470111135
"227",0.189393054514738,-0.479222299593316,0.145494471779315,0.0061266220362783,0.168643189600912
"228",-1.07486880580485,-0.277663440346713,-0.666157340023319,-0.00273592189663178,-0.518449245380526
"229",1.77440299088608,0.140412933441303,0.438517937537003,0.0125252284518665,0.459503741516099
"230",1.02566120894263,-0.36660771631371,-1.07942427603575,0.0122016405040839,0.0531826021402659
"231",0.949494344846673,-0.0751760124388799,-0.107036319867756,0.0116259706967007,0.244350862912995
"232",-0.301919477005489,-0.573484760283365,-0.849744365159583,0.00891442606306,-0.186369887256667
"233",-0.582284497327598,-0.449915842652665,0.638149255029948,0.0143597408753595,0.0750299148923009
"234",0.794930929277134,0.605982642714713,-0.383765159592669,-0.0105267710365832,0.25230479529541
"235",-0.486967734886395,0.511960777584499,0.579493471588111,0.0467519986295932,0.152627685024519
"236",0.420781229671643,0.955543124573028,-0.650524741666757,0.00373133101349243,0.388730010815022
"237",-0.613325168257019,-0.323439668849305,0.26937765359664,0.0108568712933357,-0.0152844440110148
"238",-0.593036237486132,0.500387151467461,-0.555446996828453,0.0106505446501959,-0.238245806623032
"239",-0.518230814641517,-0.318553934427182,0.314521936835281,0.0200774043561237,-0.114113962519579
"240",0.00936013407840925,-0.446323432463559,-0.838099596482441,0.00600904907436344,-0.0530401660849537
"241",-1.30239245376735,0.201221445891966,0.156310809061862,0.020450554333574,-0.275591677417238
"242",-1.03195141212547,0.579684234295017,-0.239496616623352,0.0152073429317345,-0.208848416629681
"243",0.193873553450062,-0.634819124835542,0.678408841155406,0.00724036493236153,0.423428230844334
"244",0.855764027822048,-0.229845784457653,1.01537656314661,0.0144965314000911,0.387997831076754
"245",-1.40953776738077,0.299477359514359,-1.30134328091016,-0.00958997995965065,-0.730819033731116
"246",2.11213637387896,-0.171176394052628,0.20491219562176,0.0193932088314933,0.689694071754722
"247",-1.02982288434335,0.548971166070267,-0.368738318563762,0.0271309469494701,-0.299924237101201
"248",1.71087684905518,-0.280736855224336,0.46527682015997,0.0281921257880029,0.472505006410695
"249",-0.491867495806065,-0.0878247604519208,0.325223062922867,0.00395436175779532,-0.148647508836181
"250",1.51002819480419,-0.0301974627604578,0.240024038594203,0.0316767238637684,0.553785956114283
"251",-0.154074477070129,-0.0257320586619526,0.417898353147219,0.0176016773324831,0.0346515476776138
"252",1.15237515579574,-0.420119689716921,-0.168022999343076,0.00157482715725735,0.247461469652057
"253",1.20905991095473,-0.86503138641293,-0.4586685781801,0.0051371754333612,0.305149303112305
"254",0.375448553418333,-0.184114709819962,0.608836369956641,0.0173335955656724,0.247651303563843
"255",0.648785608422363,-0.328939437884425,0.0809370344455876,0.0152040801946096,0.239244458560951
"256",0.466291477794785,-0.0386356426081244,-0.0817266233070026,-0.0132954625050193,0.230675556398119
"257",0.239263721508447,0.0170530687621704,1.01848135265602,0.0216444293740249,0.272510025705374
"258",-1.03129850169296,0.197529985916772,-0.188048853210681,0.0143222647232591,-0.209799524535091
"259",0.437610686613096,-1.1840556690539,0.294790015357982,0.020226446045057,0.557105993030426
"260",-0.364616869785209,-0.776816430780847,-0.0568395037518825,0.00415943546068702,0.227008941838426
"261",-1.09511920460683,-0.719551459499481,-0.378366985440213,0.0164290406317688,-0.216057415895103
"262",0.164081025091624,0.611430031449311,0.0933084745086945,0.00619817142443367,0.0240798642028583
"263",-1.63917049755411,-0.00649376402856322,-1.04255640448699,0.0170691088878964,-0.678723251513322
"264",-0.22623736132393,-0.102696535835324,0.893200982499256,0.0236703432462246,0.149140934639626
"265",-0.820589291334299,-0.640954613211169,-0.699387099448649,0.0259999392830798,-0.290625840449786
"266",0.961414333507872,0.45459306751645,0.87617476148495,0.0412464876221267,0.459219609040192
"267",0.28895759220902,0.173871810088075,0.773902891522365,0.0195008821037145,0.350078212248503
"268",-1.70730421370581,-0.215214903776174,0.237590045358165,0.0293622722471744,-0.052518440852269
"269",1.67175945416858,0.977347397548917,-0.0886935081033879,0.00915860012594336,0.362114156705754
"270",-1.27321780897427,0.302599610060943,0.85119415736571,-0.0081165209399391,-0.0677661766078982
"271",0.309190994481319,-0.393733991119116,-1.8916401016448,0.0313644298399412,-0.270457332172558
"272",0.278077217013914,0.299939918955375,0.404291187050892,-0.00200556477435046,0.0214606438865935
"273",1.92418927228754,-0.60609536448176,-0.269400040300156,0.0114786334277523,0.634425198724993
"274",1.72485407402715,0.0565008756655785,0.203015750608967,0.0231184027787486,0.502481473654981
"275",0.940733209936031,-0.677770211635255,-0.323292324836854,0.00771728792712513,0.281915370530282
"276",0.20759601995976,-0.0169880685637332,-0.166464897793429,0.00501386972372411,0.00865886714593001
"277",0.434140987486477,0.194969552906362,-0.693449172323009,0.00418158981181798,-0.0321642504927185
"278",1.41536894959937,0.0816842482436424,-0.533809340614216,0.012300283089164,0.368848149451623
"279",-0.679966319790555,0.350265117526815,0.566617005551157,0.0244378457887714,0.125599657945132
"280",-0.637596748953583,-0.193242757777751,-0.50909713906866,0.00870888823605146,-0.165240705836812
"281",0.497178138515994,0.452085942491545,-0.30292609149099,0.0183194530803954,-0.00633723124066402
"282",1.76777610003766,-0.0133034056615422,-0.00824403227960276,0.0142520574065612,0.465689816915774
"283",0.106463143192195,-0.75922190427114,-0.330157327233519,0.0194961533998537,0.100868464353055
"284",0.248780092823851,-0.939490308914649,0.138931342500793,-0.012953946589721,0.29830126508813
"285",0.593666801117071,-0.723686256103162,0.569542615850713,0.0158305343447318,0.33446974971811
"286",-0.538049735647946,-0.548788926782586,0.210362232399156,0.00132221272312544,0.0747009750720312
"287",1.86704673602191,0.0478646725368898,0.219531967055669,0.00423560544324299,0.627223482780848
"288",-1.66351481131634,-0.108576153828882,0.188409480319898,0.00911901825809093,-0.385364855839834
"289",-1.06073860544193,-0.183652602128798,-0.631351297563588,0.0282810752058289,-0.494555122228402
"290",2.3052172939595,-0.334962233689685,0.602310777268652,-0.00725773093821229,0.639884060480841
"291",-0.554487147359811,-0.353223549907047,-0.311175519937609,-0.00364913904016687,-0.154727659939404
"292",0.994342020038683,-0.385149601907906,-0.33834109700172,0.0114147359101568,0.156060432189662
"293",0.851847256903745,-0.159394021499648,0.0134929167240099,0.0135155735025822,0.367434314444153
"294",0.63636685940975,0.0620423188087574,0.564523648844016,0.00124280517402437,0.30526596194283
"295",0.144442297979171,-0.52905503485919,0.789933083105997,0.0102608786453055,0.205583781874633
"296",-0.449580740841439,-1.33510221966042,-0.388798956916722,0.0238989417802512,0.186076262297455
"297",1.34481625707165,-0.05108518363674,-0.817616532172754,0.01525229086439,-0.0133496515860576
"298",-2.06284465492605,-0.173958963526591,0.0462720782420292,0.0228731557442462,-0.573641746440964
"299",-0.746551613401494,0.597119114605454,0.405137572000364,0.0129240523444329,0.0638108682079926
"300",-0.227400615657175,-0.685685761415668,0.290494419081288,0.0156317158407697,0.175773303451522
"301",-1.04081291140835,-0.0842915961173815,0.384876593598678,-0.00544169104688586,-0.266996662808683
"302",0.12620986282086,0.254945697727295,1.80227895402862,-0.000429258881610869,0.505886187663831
"303",-0.64309083746352,0.234656362824982,-0.553778985300085,0.0190865637033068,-0.240946895081844
"304",-0.0873282289581448,1.20659956373029,-0.131368299848756,0.000395483199992953,0.172012495536058
"305",-1.31245018305711,0.0564267750926151,-0.460683062565372,0.0210612437091012,-0.462552062429019
"306",1.1979469507379,0.538564891627288,0.466305630205679,0.0178176983528827,0.453502476068184
"307",1.41166655732329,-0.000842205850458348,0.790874917349956,0.0139708381296398,0.579248669811463
"308",-0.515833262331457,-0.338709696845443,-0.00835205913267034,0.0212450945331157,-0.277519261741538
"309",-0.408055917599496,0.0857353754722744,0.129854938882623,0.00682308570170537,-0.0529587046629788
"310",0.868505806278933,-0.447161529233046,0.396077270555884,0.0199191680871384,0.49467319852632
"311",1.32000067720648,0.770349776981001,0.0888722233031014,0.0099118427382769,0.513657515192955
"312",-0.911901465139057,0.660039690801524,-0.727111460999783,-0.00121269563817124,-0.277842517241346
"313",-0.721127646457695,-0.686486371580449,0.42347420952492,-0.00754139362332011,0.140539833781265
"314",-0.669380799724062,-0.330101284018223,0.218969070103965,-0.00751208883317682,-0.21323688131454
"315",0.656789747093196,0.126316707866571,-0.262861506312806,0.0147773735906393,0.048714449230303
"316",-1.41118137945164,0.261524727228257,-0.493779449018869,0.00172620697916608,-0.466832825441919
"317",-0.553796005203445,0.0541742226727676,-0.0240050842157838,-0.00166568502172599,-0.143712503466537
"318",0.486132362663403,-0.333147975876405,-0.531973825739922,0.0224224300039379,0.00553800494744772
"319",-1.22530758652837,-0.388888784127061,0.291441663870365,0.0195104621244304,-0.0815020875470733
"320",0.941778986369747,0.402470434242732,-0.0891224877560145,0.0101606747319616,0.210171938742717
"321",-0.0067138856710189,-0.122684335070623,0.289587612073333,0.0107351374447197,-0.0550759114191402
"322",1.04786306971537,0.360056345103069,-0.181831688508221,-0.00315875164795185,0.268065312019885
"323",1.32139851767214,0.393014504928552,-0.18931619356777,0.00414361954873822,0.0223131869413513
"324",-0.645390097210946,0.173624012996858,-0.694692348272435,0.000290394770240166,-0.265343992622689
"325",-0.977964288882861,0.0325537081516846,0.988346619647806,0.0367999264236874,0.13844027717733
"326",1.09201549863382,0.0990251100568055,0.140734333600444,0.00669748433078109,0.524434129809546
"327",-1.10024113460603,0.420341137810704,-0.741657495176356,0.00257560171832051,-0.261373839094106
"328",-0.570300555936085,0.767000782253999,0.0683310711155986,-0.00407918764479949,-0.0502848959347021
"329",-1.32147611152198,-0.601435838057984,0.150860437118498,0.00545458808136194,-0.334383708087002
"330",-0.58731112374648,0.0851334468923172,-0.642410509812731,0.00762892599882162,-0.362677494681397
"331",-0.659812366535144,0.583076544207023,1.14265464759957,0.0131351685287881,0.287212493011075
"332",-0.178457213869257,0.0938792550786984,0.726600606968726,0.0323068014109269,0.180100830496595
"333",0.891425092689703,0.448139440771011,0.564470206066614,0.00688261060469286,0.440883892356695
"334",0.125054492581364,-0.569222431821382,0.33084701163467,0.00813624657319943,0.330331700582411
"335",0.285877916213558,0.628704046267341,0.562702786694549,0.0332585726083929,0.390191052561355
"336",-0.701876580207157,-0.549883032187723,0.41097233146126,0.0146745382029283,-0.0139930961178909
"337",1.45132780081307,-0.835978813371162,-0.501635865845495,0.0217488392824256,0.325654913744756
"338",0.583154508259142,0.96416732258339,0.344403576233675,0.00964904414807592,0.475781800702561
"339",-0.751551067642113,-0.660251938005145,-1.54087698130556,0.0116558312120291,-0.523156728462815
"340",-1.67170836050745,-0.370901259525834,-0.893525608506762,0.0232594087664048,-0.596487167512505
"341",-0.561455743223238,-0.0890390408574032,-0.451079588673674,0.0212837218130928,-0.154246763300235
"342",0.0330376175481276,0.390899287034024,0.560032287643131,0.0254952096050216,0.421513561716804
"343",-1.07968122529108,0.250374191766936,0.682372307017571,-0.00979457680148252,-0.128547305268993
"344",-0.0755561953645867,-0.871846167314324,0.0392678051881618,0.0226434502420046,0.140309356720732
"345",0.2499049794254,-0.111532729959477,0.178411398693725,0.0336547501859981,0.0286463455383133
"346",1.95609508427346,-1.09213611566732,1.27875751203845,0.018192601607437,1.05753973044565
"347",0.336544323075273,-0.532675424146342,-0.284062224854046,-0.00438971941207887,-0.0112980822175722
"348",-0.453466452065771,0.493195731229241,-0.28799852419555,0.0196210399930189,-0.166821526836274
"349",-1.07078557870139,-0.196007237185235,0.246047138642283,0.0119381628469127,-0.14095595429984
"350",-0.226618914889798,-0.22912136089505,0.729418590952416,0.0154913015108408,0.110512851418359
"351",-1.06040116351971,-0.716014648150892,-0.555237515810942,-0.00386467820037365,-0.232100825936089
"352",1.86428007584299,0.694335609805876,-0.592098594808649,0.00661372496768106,0.457179353218134
"353",-1.19235725011852,-0.329900788199506,-0.663910351922226,0.00717514399688035,-0.389764884462958
"354",-0.525253502565559,0.935505552844079,-1.00903750979568,0.0169265155410204,0.0743335814945332
"355",1.08464977244306,-0.464661669513249,0.374761713114462,-0.00393811033523095,0.378917086054731
"356",2.10472940348924,1.10722131017157,-0.367780646855673,0.0109178270764341,0.720175939040737
"357",1.3545708123671,-0.62738560755412,0.208575582228475,0.0120597166617442,0.399597090780447
"358",-0.476888161190802,-0.264884937235218,-0.0576999950572743,0.00250204474349715,-0.0318562928147884
"359",1.46999992381132,0.0872778527862153,-0.0754510839445019,0.0094988471248563,0.277571801564434
"360",1.88210770840435,-1.6443466351316,-0.311010264338797,-0.012121914391819,1.17081149692061
"361",1.61574751796225,-0.512826227336915,-0.160241346992689,0.0123082596694804,0.458129967650889
"362",-1.97850597705799,1.83943661386909,-0.409219025280952,0.00363648572997359,0.285710191631107
"363",0.140608880946121,-0.483637842503476,0.369774382200213,0.0290451222676,0.147305809281653
"364",0.590153391036069,0.723310484730946,0.622793833418814,0.000825383165710777,0.50694593441446
"365",-1.07069824689234,-0.263994945957618,0.651471600280333,0.0282122675408173,-0.139979466289156
"366",-0.365243104816239,0.604260722653775,0.898793953712871,-0.00440955667234032,0.423535297565961
"367",-0.863578528504542,-0.0245783324976427,-0.180764825034624,0.0390330394273209,-0.266674069291111
"368",-0.553001975422291,-0.718762052129412,-0.612318763986207,0.0244289220836272,-0.178022488866235
"369",-0.580472513870622,-0.254871896883653,0.44334224826742,0.00302620413457029,-0.0267765597685058
"370",-0.759795130083176,0.218048177089548,-0.452881856529688,0.0249029713621463,-0.397492728269668
"371",0.16327619279131,-0.678361178466555,-0.282664916222264,0.0116969302414868,0.0360694568098424
"372",-1.29501113038832,0.334925760946804,-0.628666995080522,0.0202463012965916,-0.635933364807209
"373",0.595665665460008,0.346180385564626,0.0401658195020326,0.0175137507681947,0.371180501881905
"374",-1.06180131126631,-0.116616021362843,-0.0768818215800879,0.014761348154289,-0.24805370544075
"375",0.18118880361087,0.364858239203739,0.351776988926873,0.00798756397664521,0.145607063513822
"376",1.56422510648941,-0.174402380827365,0.0766021106469303,-0.00179083801572731,0.357065489236587
"377",-0.433523987285389,0.568701119230152,0.389538188838147,-0.00771468474691365,-0.0627295386089932
"378",-0.306952446139964,-1.03997901745206,0.155455191540505,0.0184836083718693,0.218503225832254
"379",-0.702533689706371,0.30387484294,-0.18981105238439,0.00751864341172148,-0.222708228959385
"380",-1.02951585465259,0.617645001458542,0.347258411637953,0.00635832504451903,-0.133105737925924
"381",1.20536343486003,0.542002057580997,0.613259501315939,0.00856535244678948,0.444754517253132
"382",-0.203458080320749,-0.0509396419445942,-0.506922439792702,0.0304414738725042,-0.164694992999081
"383",0.622049314729443,0.265852262884651,-0.496737336118732,0.0290122136625875,0.183308374476193
"384",-2.02029612536076,0.145307173767459,-0.450011330862157,0.0155659399715292,-0.63804126518966
"385",0.0971735776863163,-0.16980027019352,-0.59228617960429,-0.00357607263483927,-0.109888291241942
"386",1.24933030538333,0.567737844419208,-0.0655979042087952,0.00803208474831586,0.60341457670678
"387",-0.256655280461528,-0.569364636664638,-0.23087369493106,0.0242283724698617,-0.0237531953566678
"388",-0.238425791394326,0.484902246157726,-0.0150083595247039,0.0167877866387432,-0.0427567739827826
"389",-1.69588658373467,0.525551115508466,-1.30990863414678,0.0183643407329289,-0.599109861377344
"390",0.450696011043275,0.196125934936477,-0.480520842597248,-0.00405445761047255,-0.0028810628486366
"391",-0.225693051908518,-0.0983074510425314,0.71818851041127,-0.00454996041928736,0.168502946015555
"392",1.23544441322184,0.817289703318175,-0.194063994727079,0.0115922767249635,0.519078047326705
"393",0.803440757174298,-0.0862008778379803,0.865254650023884,0.015230811229147,0.663686224052292
"394",1.38029186339401,-1.0875189725042,0.74199008447501,0.027248069209702,0.73961805454712
"395",-1.99901459283431,0.395209352988831,-0.938105525709265,-0.00500331890012986,-0.748723723692066
"396",0.0403686072961185,0.0778966320676452,-0.175502421249463,-0.00700773813613877,-0.0878217545270008
"397",-1.97519080614644,-0.111678938809749,-0.755100825254588,0.0196730838572186,-0.508287418549366
"398",0.92158478786948,-0.931879099743085,-0.394676529180828,0.00467659081473127,0.479701311598746
"399",0.212199113122849,0.406238283411294,-0.490345140103411,0.0230289613685523,0.0136311925370582
"400",0.575843115731479,0.629358366214474,0.56980698214376,0.00588016865003236,0.319093120460482
"401",-0.0919948925925824,-0.597577085275439,-0.399392857258135,0.025405571164116,0.179623929714981
"402",0.622960213279889,-0.335673234263421,1.33963493981654,-0.0125628200715564,0.548814510979328
"403",-1.0644023498042,0.0221632356927846,-0.7878793735211,0.0124085887336571,-0.442342073755774
"404",-0.609178581740421,0.182396402622705,0.170768225910952,0.00971252615088612,-0.256240093647836
"405",0.202128786810518,-0.015739799996006,-0.840671822236439,0.0186425725777325,-0.0780692919696365
"406",0.246322885597743,-1.04953151531954,0.088664400808846,-0.00520422840446108,0.277022084698142
"407",0.325829859045744,0.63989454341433,0.0358832256775913,-0.00440529713392122,0.062763963834167
"408",1.5263993351167,-0.186898288262231,0.577231864140715,0.0213538307935472,0.706209491056373
"409",0.845002849817946,-0.140963134672623,-0.166879676812038,0.00543321445893056,0.0541899651296042
"410",-1.07508235683234,0.183458746421712,-0.297488119912395,0.0146846349211898,-0.234257627698076
"411",0.11921175927771,0.272815359698749,-0.498424475583411,0.0258460904470643,-0.258351932950505
"412",0.42052648734341,0.164145535920623,-0.70522417926575,0.0225943641815761,-0.23867255588136
"413",-2.37268384420455,0.505699207530843,-0.797914388289146,0.0135673082005758,-0.708294303864622
"414",-0.946711731414336,0.0227074487216417,-0.00707577532696082,0.000230648428180078,-0.10907896295088
"415",-0.716535154927937,-0.791391941278224,1.16001336357107,-0.00542523495234631,0.342568853184158
"416",-1.47305453338109,0.587421961790395,-0.1018268330674,0.00927107560152905,-0.370996392985009
"417",0.0468806901490126,0.114889225276375,0.370073285247322,0.0220574996945412,0.133175003235537
"418",1.31574432970764,0.185651263104952,-0.294556476375836,-0.0145864484968941,0.461289831829765
"419",-1.24269078441691,0.367693797870272,-0.189376442555932,0.0146371741792845,-0.263888886835708
"420",-2.40514181689058,-0.855302230534414,-1.20704057086514,0.0269384743223615,-0.848052041554958
"421",-1.43713051464756,0.0235330164417151,0.561466090398275,0.0138447212602298,-0.410520824527054
"422",-0.323841130853216,-0.103544193877841,-0.208475419262892,0.024898346608477,-0.150002826916711
"423",-0.464780694726854,-0.738562958544669,-0.283844442524482,0.00410369651673344,-0.0542057576339807
"424",-0.322924742078116,0.19168158951601,0.327512523699242,0.0154135629520348,-0.18587063736027
"425",0.939886149681318,-0.0820795844529197,0.427983822485346,0.0255807133298789,0.336384078814703
"426",0.285467682387572,0.117228427882192,-0.860019317579671,0.0155778115853683,-0.154297257786749
"427",-0.111844570008448,-0.0333852498497468,0.0132748961410587,0.0163918196280041,-0.0996225495191769
"428",-1.35883521715984,0.425047004776567,-0.628636708912866,0.00406502481083102,-0.449089949199287
"429",2.31756088481136,-0.131750369631374,-0.0212899247456639,0.00344667496156538,0.50565100375807
"430",-0.721260622125055,0.14009028862783,0.352857729308456,0.0245092058826791,-0.0376861767687053
"431",-0.451874437430127,-0.224689745065786,0.00694695393452187,0.00853016830358687,-0.215576002987587
"432",-0.238939794702974,0.782228542764892,0.890246928144612,-0.00190757900556977,0.580128739180915
"433",-0.353681102649467,-0.23938826349116,0.187960492446626,0.0217100391194307,0.0664351350342609
"434",-1.60448766394095,0.116462830304252,-0.244218726105507,0.00130693280506241,-0.406498728843781
"435",3.59437361663082,-0.666506847603675,0.280302469944887,0.0287103819711304,1.14325116374107
"436",0.59640556903879,-1.79640617436111,-0.138718307178821,0.0164695571821637,1.05019615688676
"437",0.482632108339491,0.221545451703077,-0.068824869144272,0.0204831236952956,0.0260212928682703
"438",2.70541427578389,0.209768240024844,0.891841393118406,-0.000310565566056544,0.932574018017058
"439",0.164460086609973,0.17071311656725,-0.071897006887212,0.0263007636232274,0.098311813778847
"440",-0.360063012075994,0.997684721422862,0.992171904199824,0.00646095647810926,0.336439594095832
"441",0.0700693792517149,0.82187228380856,0.174643485256875,0.0221142532884122,0.370162942898411
"442",-0.567815236436298,0.0085171840813927,-0.880214855860424,0.0163019061609909,-0.220603493072808
"443",-0.977893881752978,-0.155658871313508,0.165876404160256,0.000632834608802407,-0.187866490515347
"444",-1.15404565757473,-0.318104061345675,0.26647616107127,0.0115000678394472,-0.24255736601962
"445",0.99359136475428,-0.00944244105323903,0.967374097972122,0.0126574305951071,0.587744569403896
"446",1.18673563439284,0.232492926704337,-0.398865348353901,0.00948732644568775,0.0567718343129367
"447",-0.570172368483483,0.144281747074605,1.09007267450477,-0.0153592818147915,0.114731398042718
"448",-1.19264661059578,-0.391055019478325,0.529583126597358,0.0270157126855429,-0.0324362980457413
"449",0.835213345631718,-0.178147295723256,0.110339362898611,0.00730732656606213,0.390369912654937
"450",-0.201151701570599,0.560171316548625,0.557728124799779,0.0194677065318181,0.174131817319662
"451",1.10211643691676,0.631317490082725,0.516143698062326,0.0192564352374787,0.476213333872456
"452",-0.0527173816235894,-1.12684150133589,0.919311921888155,0.00209600949606274,0.613930254234561
"453",-1.4397804373829,0.502740701551827,-0.35002239936043,0.036448239385215,-0.426831959481229
"454",-0.585536667415594,-0.139024238084144,-0.121716403077746,0.0100093459662192,-0.302779290900214
"455",0.0634977012280524,0.614017037569538,0.515496015047688,0.0152235453610419,0.127617399005033
"456",-0.0931399333864303,0.856953652927233,0.265288944208422,1.42891535587827e-05,0.0677336518403855
"457",-1.51033287983103,0.592243434245035,-0.590986238396084,-0.00187524774392255,-0.382763141039146
"458",0.535718204682951,0.0148927985351182,-0.302761797826594,0.0105853694014269,-0.13657308800363
"459",-1.38340153672186,0.0440552573633424,-0.683500043563166,0.0128294153315007,-0.420145043689718
"460",0.30520020046854,0.0948071977755663,1.22017905999127,0.0112270258860636,0.404065442693634
"461",-0.757966099057393,-0.942069153995302,0.768501637706112,0.0183513420077503,0.165255354280689
"462",1.19289887320218,0.712929257173375,0.613133994987898,-0.0271152909389854,0.575695663709659
"463",-1.07632354811297,-0.0329969453091624,-0.0384179747104074,0.010718646903312,-0.119476160252757
"464",-0.885805277479805,-1.10237105179375,-0.0305490167041246,0.0208503296962415,0.0766401082847375
"465",-2.03813009914309,0.332106370861944,-0.844724445724795,0.010591931786228,-0.635066597040722
"466",0.539345729265913,0.920073927953605,-0.406785072931572,0.0261344467415441,0.214812019623272
"467",-1.61959619929182,0.992986497063641,0.0396053775441029,-0.00955823427499146,-0.165333752078053
"468",0.127908105197887,-0.577486067157756,0.0652363772709626,0.00449101912621117,0.0756301758718547
"469",1.66411090584421,0.919501235670284,0.270532725838332,-0.00122721179272924,0.661067228539797
"470",0.212943612152521,0.69682334169165,-0.489976390806019,0.0152106562781295,0.0120409501208801
"471",-0.119255120398699,-0.375669762664148,0.248879623149657,-0.00531675613162888,0.0824966933399262
"472",-0.204739027213008,0.701919977694246,0.00780855375391663,-0.00168250409340044,-0.00663615711900836
"473",1.15308766712622,-0.129437409227648,1.6401754722641,0.016254360521641,0.692093643221275
"474",1.38562385152894,-0.43544634766139,0.0865850408847279,0.00459850560312043,0.561289092315384
"475",0.604469079065831,-1.07098430568774,0.0162697688054126,0.0209634596603524,0.672921047015101
"476",3.13485543950912,-0.415054712991994,0.170028949600468,0.0291841646006288,0.947800832239959
"477",1.21958761639306,0.45185673402068,-1.23771848907594,0.0161365125606317,0.217018896952078
"478",0.660395355943345,0.281935190647197,-0.194392031267819,0.00737093181571282,0.23038678609225
"479",-0.512804977311554,-0.886226426835812,-0.426741461293795,0.0137949401259788,0.0829857954684095
"480",1.80170423346605,0.355929592178992,-0.328646309319302,0.00825551563038714,0.385945089437274
"481",1.06537226715854,0.46663962442598,-0.415283639631825,0.0170841026345284,0.161677440728325
"482",-0.239654722022982,-0.719911802260606,-0.929438397051236,0.0243358817295178,-0.152912576582312
"483",0.894060648862466,0.941210186306278,-0.160895696853618,0.0320216597640939,0.401834827130116
"484",-0.540420280090003,0.354152759066129,0.642206013728183,0.0112709600394912,0.0612134328564481
"485",-0.112952765431984,-0.302657229681841,1.96723480084685,-0.0051334695328408,0.41633004946928
"486",0.783933964287101,0.360211143213038,0.510363047947549,0.000706364462516656,0.322887446459864
"487",0.788159725943328,1.4844801323553,-1.17259264952341,0.0237757587410878,0.4112636096671
"488",0.354558711655675,-1.32486343478708,-0.787426097963299,-0.0107580348394825,0.391886649345427
"489",0.304388996548058,-0.387082094520008,0.576099952561662,0.0039907961721562,0.183686920460768
"490",-0.262532016837863,0.411326082824106,-1.00990294700798,0.00353320454566242,-0.201340701095426
"491",-0.450021841606361,-0.497591040006613,-0.875458071655758,0.000343001803736849,-0.2011621648879
"492",-0.804549322407146,-1.23185823174243,0.328331817277276,0.0111136471101216,0.31830319131083
"493",-0.328830910866273,0.557552369324859,-0.368879763173175,0.0221947785656916,-0.25135800460694
"494",0.670045822992322,-1.18621173579252,-0.596141036353979,-0.000715332143710124,0.260885452010892
"495",-1.20175531685754,0.59045277137013,0.230902372677033,-0.0173737897391577,-0.235386088642606
"496",1.08589177550559,-0.569537011571651,0.288754449266852,0.0177379239619723,0.429208272960819
"497",0.802149592368691,0.000205997878037612,-0.154730029624168,0.0279822555969711,0.0885534145546967
"498",2.15944653776581,-0.648681659734955,-0.147566795664475,0.0184545169248768,0.612444097311161
"499",0.294681418072543,0.90240169254344,-0.12024112940405,0.00754135021583176,0.377662230114218
"500",-0.413288102494612,-0.0388006653783522,-0.122825101820324,0.024674164794415,-0.167221867898363
"501",0.220770556023388,-0.746943023474232,0.468511461674205,0.0165072182744746,0.178235954968174
"502",-0.268609314726785,0.833103718394509,-0.350380175596561,0.0124097232704233,0.0308050751116889
"503",1.44758181571867,-0.12038452232534,0.33872170099152,0.0171052513553225,0.390298488653445
"504",0.319496735294791,0.0307402902926256,0.843110887026981,0.0109063732923764,0.389649460322699
"505",0.362485228375966,-0.618740600867449,-0.34063300114761,-0.00113373866517328,0.172506053082455
"506",-1.8803641453085,-0.325507745891873,-0.85495984228186,0.010047652337228,-0.795904577459246
"507",-0.697000931623002,0.224809560324709,0.794310252229036,0.0231907137948956,0.0087476910700463
"508",-0.947632699367991,0.341331835448486,-0.942656968506193,0.0260425062394128,-0.512524692485218
"509",-0.877448417126205,-0.848433023263322,0.211435558951244,0.00462960291741486,-0.0147544867755814
"510",0.253038706130305,0.274444372978001,0.914055167304704,0.0150393647926131,0.398483404711629
"511",-0.586249240012696,1.17066211427611,-0.63604579056086,0.000698892201452347,0.105758683598284
"512",0.811425964380174,-0.636572882028493,-1.87271166596646,-0.00534018339765967,-0.234736126145555
"513",-0.638050431332353,-0.0191500603894624,-0.121212895512706,0.00418345001513663,-0.186655961624941
"514",0.805205600952414,0.0210567603250001,0.0158446446743838,-0.00280451688946055,0.160437580391996
"515",-0.845268798972288,0.177059007928677,-0.194598376525535,0.0472212072763981,-0.198116058377176
"516",1.75838582451499,-0.996170254376392,0.254845048702663,0.0343669937000927,0.870196702398475
"517",0.09143716320693,0.878699199678239,0.092925445886067,0.00344736121532839,0.259382982120442
"518",-1.94641343498531,-0.0742861232456119,0.105505897001301,0.0145350088811766,-0.348596964089833
"519",-0.161221260984149,-0.435737099190178,-0.403544851419533,0.0109043409586322,-0.079587123063175
"520",-0.950790096190118,-0.25984053405499,-0.749260876058109,0.00697331895175728,-0.429435819979496
"521",-1.58840069432612,0.196958943116631,-0.0883761332452761,-0.00402367247231567,-0.37750014678491
"522",1.4589572846634,0.244688490584457,0.140949939749249,0.00302362490956141,0.364052853149744
"523",2.10027579338472,0.326870412092594,0.058769515472261,0.0141741981810153,0.419153738813217
"524",0.53031929573482,-0.58138739268344,0.756097804592038,-0.00139099781900703,0.362495062797392
"525",-0.0922382167401864,-0.550169970336136,-0.340045118225539,0.00447464192733289,-0.0752054082696115
"526",-0.242759901487287,-0.689492341905112,0.16063857535751,0.023985025843731,0.0165487733740968
"527",0.722266997533134,0.222685059408482,-0.351986347990307,0.0135257024533891,0.00781057727386254
"528",-1.09731087397283,-0.540400507849087,0.895110683125969,0.0297474219895517,-0.204636623808723
"529",-1.02538134263104,-0.471888133504295,-0.315998225723149,0.0274353321100663,-0.244803684450584
"530",-0.174867213459099,0.564522928173969,1.12611398788273,0.0230820768491764,0.374923933585524
"531",-0.590717519741923,0.591367618121595,0.0154919375817279,-0.00689109295242399,0.0145973655495109
"532",-0.906080600437306,0.719693825237325,-0.720183530600522,0.0114025410272867,-0.396298654947609
"533",1.8404374940661,-0.256194074981486,0.377778945563305,0.019441341360712,0.379357432535532
"534",-1.02954866756195,0.480437813629268,0.286504241078482,0.0188812140021374,-0.114239400301054
"535",-0.167154784449451,-0.225980818185147,0.165996019498823,0.017696129647673,0.00424869291031961
"536",0.0964956269820213,0.016876590141442,-1.37394563541359,-0.00941214512179568,-0.309350625674506
"537",0.439346130552463,-1.5119578776323,0.0464212865158091,0.0168541637164747,0.751260441200315
"538",-0.485158333866777,0.429085864051746,-0.880887836329263,0.0142558703234351,-0.209184291491698
"539",-0.816299260726824,-1.05859878976283,0.564697597145518,0.0203200293590953,0.272319175149408
"540",1.29558960193301,0.840266448651013,0.418715749805757,-0.00036660315610099,0.586967469957311
"541",2.05170959894302,-0.42414372881913,1.34120338381883,0.0323830686954117,0.950650483769522
"542",-0.277782899701359,0.208950629989776,-0.101116376620265,0.00402318636054471,-0.00529052882280731
"543",1.65308574215771,-1.10352531827901,-0.41865582705182,0.0116118391888012,0.747742708535797
"544",-1.53215179630629,-0.0410881397650363,-0.456379292376527,0.0276396226636469,-0.726914238458062
"545",-0.508570719540659,-0.343599284473763,-0.558287424937622,0.0187940791711985,-0.391739070430956
"546",-0.756442758205497,0.531243142059645,0.736127383179192,0.013153315784755,0.0525598528742219
"547",1.05360927618202,-0.306173487756895,0.779796592375413,0.00829196971179212,0.493001027362225
"548",-0.128753584144998,0.367837947900088,1.03181223080851,0.0116315867226275,0.411466694377243
"549",0.775160958025844,-0.538404182626904,-0.00677605631832851,0.0161119771534359,0.210308249850394
"550",-0.127877173486154,0.570964153139977,-0.450520692663018,0.0141023395988256,0.0805344434168944
"551",-1.63478125358081,0.377780821899236,-0.427246792864123,0.0235767925909431,-0.406480545682773
"552",-0.66975295928479,0.791722360278489,0.532088507859224,0.00480425940421017,0.195098815397721
"553",1.35199157281502,-0.133617195857661,-0.738633488140568,0.0305588598292768,0.195906985830728
"554",0.385841842145231,0.85705113035796,-0.465108444554715,0.0462363558362886,0.142054100508567
"555",-0.839922979551499,0.587306800302614,-0.1599599537287,0.00946026168513013,-0.157292635229741
"556",1.53046511996092,-0.544627080346678,-0.43312941368188,-0.0107582874868758,0.473043086308644
"557",0.0563709472346096,-1.26197446832201,0.0734977308869057,0.00307150575576053,0.604803874828276
"558",0.0938959562422742,-0.76998254739068,0.49269855686502,0.00583513271415068,0.383900007974876
"559",1.23011166901168,-0.189027732424642,-0.594463542767272,0.00239909200496207,0.364985285039812
"560",1.18860978627739,-0.0656773133752208,-0.387783025211487,0.0224818914655384,0.0663805232513032
"561",0.611730919811893,-0.885836549151412,-0.394669806826384,0.0321538925057417,0.22850424633389
"562",1.1884020933672,-0.184219023304652,0.813210234138486,0.0162838680531517,0.404485588860002
"563",-0.0246591014544968,0.11906050129763,0.661937915457195,0.00899450031848568,0.270004154849567
"564",0.58766741408148,-0.810857207881082,1.21879700509678,0.0108015337709093,0.691162893009673
"565",1.28573759523486,-0.520921087086338,0.786397655710117,0.0172741961731977,0.482941103180122
"566",0.13443000846112,-0.259019552774682,0.186084066233008,0.0162646843776969,-0.00561330550266896
"567",2.81039530191066,0.361862965927234,0.148575636670734,0.00489107254172506,0.78854356346324
"568",-1.66815844968335,0.0029605956752679,0.728563040986901,0.0167384720138798,-0.290461999024539
"569",1.31290303721633,-0.782700532514549,0.00276006392628477,0.0337328311948506,0.414809861661754
"570",-0.000921804635659183,-0.435103493310804,-0.474158189549763,0.0112700810938881,-0.0462663052786366
"571",0.51758923600274,0.429307199596658,0.390976485875919,-0.00190619681973319,0.0938593565008167
"572",0.000198935710127343,0.223012005725804,-0.278549270169434,0.0345715060500958,-0.225560444125801
"573",1.11526179111254,-0.411565238390146,-0.722564913383818,0.0397427718834333,0.17348635418499
"574",-1.09838534943784,-0.213341239667162,0.0586509533847894,0.0107152604759132,-0.108014059738473
"575",-0.690307614772629,-1.16802045359895,0.206345309644387,0.0199460723396757,0.209273122384436
"576",0.863619625862328,0.545305769864823,-0.722588588634865,0.00849872195462299,0.104327453515735
"577",2.54814295311532,-0.853105352449131,1.12579152091663,0.0283442559742604,1.08856980945208
"578",1.00730780745828,-1.66702547602873,-0.0811831887590213,0.00669105281750708,0.99749450645215
"579",-0.312728528239332,0.816165232922906,0.811888787670481,0.00253724901538738,0.302907774498642
"580",1.41030908256128,-0.416763744937678,0.702855584199031,0.0148841909851268,0.547582938709688
"581",0.378254833679147,-0.398332338994008,0.300153745608362,0.0517580428960328,0.0895222380007824
"582",-1.74721488286673,0.114275964355866,0.192503273282683,0.0296486252152802,-0.497143262138268
"583",0.548175802947108,0.0113744844909821,0.093954227554696,-0.00520510091736621,0.253473064985602
"584",1.39216213794058,-0.104202111647673,0.430046284632474,0.0271520658242835,0.286709124967263
"585",-0.672062351562342,-0.215167117664766,-0.846024107033759,-0.0144948254424401,-0.396937680821686
"586",-1.30374425722977,0.203878205768871,1.57312742107239,0.00954192027281408,0.0496578628921638
"587",1.02437998789013,0.39218629582302,-0.193257882780523,0.0082116232835057,0.0845363627525309
"588",-0.0249853606480185,0.128554870096571,-0.474561721136953,-0.00108675562084065,0.013134193419837
"589",1.51420134801333,-0.0267772169369238,0.689446744366329,0.019579163510975,0.535203850054726
"590",-0.413719383566985,0.0948793282536218,0.238062202107232,-0.00661834303563801,-0.102462226587497
"591",1.5011705823617,-0.31574022009678,-0.258368456864742,0.00512591791038222,0.165689950984774
"592",0.872426271745578,-1.1803894460504,-0.276154079326887,0.00761801200383857,0.719105361795681
"593",-0.159999502249869,-0.119555427111927,-0.117639022600869,0.00222368745274447,-0.185948740653477
"594",0.194988877382266,-0.438319226419799,-0.242449929961911,0.0237249467651133,-0.0374961521052834
"595",0.621541537307711,0.321605323843342,0.206947002201613,0.0129313654420965,0.357132386453092
"596",0.611597350942547,-0.80725845416354,-0.0972042519449548,-0.00935298685129785,0.188819937403545
"597",1.48661853921755,0.235270582030735,0.0597805156893725,0.0157176585471343,0.452316287968081
"598",-1.15520002701349,0.505776194145356,1.20996534871005,9.25559432132274e-05,0.0749242997725015
"599",0.585090007095876,-0.216334907307289,1.11031520880738,0.0377565370682304,0.329333204362691
"600",-0.871653107095833,0.209760780364172,-0.593568788900629,0.0122857649486066,-0.369727808729688
"601",-0.704901151228586,0.0274548810741904,-1.03452199973116,0.0154942051113891,-0.256344080232036
"602",-1.36967955257754,-0.358674119661052,1.03425265843229,0.0121531796579886,0.0675449595073173
"603",-2.19930049190429,0.72149997604356,-0.372011288278773,0.00581857952901908,-0.545696546853205
"604",0.0826506860247125,-0.363199863961165,-1.04906646462918,0.0149587802255574,-0.0919982468298138
"605",0.135251847182086,0.613901707119034,0.34147828274762,-0.00497809779998862,0.126222765028317
"606",-0.916396951704393,-0.302635981360128,0.537500090783985,0.00551763804262682,-0.128824608939456
"607",-0.243383653963962,-0.0646507454842301,-1.03878694943895,0.00175409816736641,-0.45573527927979
"608",-0.196256617614897,-1.19590404937403,0.99258592244656,0.0218396918412881,0.36478241152777
"609",-0.402294299159694,0.0832368423628005,0.373152070019399,0.0177968136005839,-0.00517949456962142
"610",-0.705068661269779,0.757471725790948,-0.11217953577088,0.0168137444809422,-0.276864219567844
"611",-0.0567417663289422,1.05757334431245,0.455072477684382,0.00689247564675809,0.513860068924505
"612",1.27202350913966,0.327861168139797,-0.652703746307914,0.0208014155078853,-0.0339086280589311
"613",0.347706181654181,-0.556822437779407,-0.844835048670609,-0.0127943405772163,0.197622195566986
"614",1.65309919443364,0.960967260086655,-0.783098678428371,0.0103090316485526,0.611600760384861
"615",-1.32649813940308,0.0706318634948472,-0.432424180696936,0.00977449813118367,-0.397826135876847
"616",0.644076967416152,0.349317956248256,-1.39479489526968,0.0012379876933892,-0.0876887537997368
"617",0.734119390920257,-0.0840597717810869,-0.245311027946199,0.0142439939601129,0.369906864854865
"618",-0.684476689159064,0.103695930723356,-0.669933500652189,0.0145685867719815,-0.342923369533152
"619",2.29198805121762,0.234302741386966,0.57566167593792,0.0300624885912534,0.680829563060214
"620",-0.411873159847368,-0.696781292639977,-0.1336871939312,0.011821014264462,-0.00701466603972527
"621",1.05288954424545,1.12139998552386,-0.387591777834828,0.0254265625074675,0.464074625590006
"622",-0.997075290768851,-0.259476260285623,1.46439042942053,0.020573423440237,0.0988026000716448
"623",1.09030012461917,-0.0361859616969733,0.483269684791181,0.00137568495688181,0.276685860681173
"624",0.359692803281885,-0.601363239660129,0.449497065995715,0.0288139845552286,0.148451253478134
"625",0.410531988968182,0.813548116334242,-0.253546506503749,0.00278819770589475,0.273372797602538
"626",0.537086995008277,0.27476247299224,-0.481155904407439,0.0124217181112447,-0.0575540615946112
"627",-0.978399544983128,-0.296153537996626,-0.079557102320666,0.0116461725421583,-0.0626839037834192
"628",-2.71154855087475,-0.376149847211738,-0.00751803844355707,0.0244431805149749,-0.528801566187473
"629",-0.424044229719837,0.230134622089755,0.745300310315279,0.0295086098831449,0.0495898166283442
"630",-1.11508097413377,0.528230566650601,-1.11504360951371,0.00786371498201125,-0.708994667412817
"631",0.345159459405643,-0.527882690763483,-0.258356424829275,0.00435710051035511,0.0788798511759203
"632",-0.165039527833337,0.314390257313094,-0.559710449779702,0.00507133844537597,-0.0491011029308102
"633",-0.677668615155465,-0.301430356791683,-0.103289169896859,0.0137131837903196,-0.0209814672355819
"634",-0.917884075462106,0.0873916475710114,0.195290685395423,0.0162401337712628,-0.268173685726744
"635",0.083154223500036,-0.222179089201816,0.390103722089518,0.0154315581930849,0.11521357945476
"636",0.14945909806923,-0.0469291985687855,1.06613107810403,0.0131831427081402,0.25176163967748
"637",0.810578157483902,-0.331587567253012,-0.658972983991744,-0.00472591701721198,0.15191398213251
"638",-1.39329843068571,-0.678899478708154,-0.798776726103269,0.0117285715494784,-0.511014070208344
"639",0.362299984731471,-1.08305074284324,-0.407381180336874,0.0401697315893353,0.293291321121607
"640",-1.30760761610556,0.500273366580061,0.278447493448009,-0.000560885656952802,-0.423252065809889
"641",-0.750236163856764,0.00757522738860841,-0.510052592115137,0.0142156466472022,-0.285340428591813
"642",0.238492941861783,0.86183187165406,-0.451415577770359,0.00213211559675315,0.309799128312661
"643",0.372036135827581,0.806010459364812,0.346158035373843,0.018684025590591,0.502656721253469
"644",0.962977427301115,-0.0961396442038964,-0.3706880534038,0.00681098658963212,-0.0382486585127457
"645",0.590533403924335,-0.644480827711082,0.642454441836568,0.01125323312272,0.490802734862934
"646",1.60161715399032,0.374382698066493,1.01799739016549,0.0249816204971948,0.697817575454111
"647",0.111312358251257,-0.0240336796953696,-0.216576628248025,0.0121412671960463,-0.040993139604162
"648",-0.117332816104959,0.499804919935921,-0.189845830301055,0.00769127603554179,0.146600220381033
"649",-0.92765633741262,-0.186119355400319,-0.353687427567971,0.0173382118178444,-0.350367787651747
"650",0.503882023908391,1.40095945924881,0.700213742882979,-0.00677804745015614,0.792284605104385
"651",0.890295751427148,0.424865645964822,1.17652501433663,0.00452568473712415,0.531543378092244
"652",-0.98196844356953,-0.241326661851028,0.815544524118178,0.00344477110185332,-0.0885121282134253
"653",-2.92247844415482,0.791501914199559,-2.14741004549709,0.0250196299510101,-1.05661045438566
"654",1.60100507091124,1.20259104794524,0.906479996277375,0.0373436016026945,1.14363820457529
"655",-0.75592520167795,-0.12127386831533,0.549862817810203,0.0226727865225486,-0.133550915740342
"656",-0.919794697840685,0.567910927515074,-0.238435873431952,0.0271708618831036,-0.179728087486906
"657",-0.0757545113856666,1.00201469322412,-0.0641625274297475,0.00980683265558541,0.164223681591501
"658",-0.332173359175568,0.265066494502252,0.219846009919816,0.021517841128783,0.139540811608439
"659",1.08590920923485,-0.791741947535315,0.961115329384094,0.00969561824316361,0.778757195520979
"660",2.22682656244277,-0.16730180055207,-0.467643511233818,0.00961652845843426,0.537425103558778
"661",-0.659179828714054,-0.0329786381720258,-0.790944895071768,-0.00339747540427546,-0.299968936288225
"662",1.89602192953907,0.434501043751533,0.521716528453981,0.0135031569002202,0.528759618475656
"663",2.64811868599587,-0.247294454423378,-0.158195411914877,0.0223093879638951,0.495322052492451
"664",0.817438952391435,-0.916427834121103,-0.810837839504312,0.00350479753434842,0.283028598357925
"665",-1.25137614973301,-0.411391929046251,-0.292308198026317,0.0124419083131009,-0.401767997250474
"666",-1.09849790394017,-0.760762830077302,-0.329080481257077,0.00853192488675523,-0.214509868707238
"667",-0.852169762780698,0.973217858545198,-0.0795226174027804,-0.00231005815709294,0.0259258566550505
"668",-1.38140485170379,1.06100309369145,-0.559845294247334,-0.00506393479084721,-0.0504179661872143
"669",0.498493880118241,0.675833006076641,0.899493686804649,0.00517237469264701,0.470518603752248
"670",-0.693689102736941,0.760149370675448,-0.130706265507894,0.0178390613244409,-0.0812131432049123
"671",-1.5441447266236,0.262200170121955,0.624030298060825,0.0171420810409444,-0.297593449019271
"672",0.833501373446234,-0.897406375936886,0.966536231178234,-0.00355947247761451,0.608046421047857
"673",0.104326819320809,-0.199250803570499,0.447941008036619,0.0120441115378178,0.0591232430484373
"674",-0.214371305728832,-0.615828721867084,-0.385183638402228,0.00703963244974045,0.00137210102828342
"675",-0.931874641211625,0.728603097239158,0.687686078073448,0.00686468977751871,-0.00851753223462852
"676",-0.337218617546831,0.293489046153796,0.44333095781431,0.00777019513500384,0.0537474324971531
"677",-0.693623044146172,0.628450302577704,1.31014096740073,0.0168031829581683,0.180817552077438
"678",-0.364515234644367,0.208721927782899,-0.0961938047397498,0.0149005189383022,-0.204438570744628
"679",-0.174831489734884,-0.207357198592605,-0.62776489006567,0.0234537467016564,-0.187375491826328
"680",1.6098348461575,1.63583655930768,0.391293398219485,0.0171787163153487,1.12559715143537
"681",-1.33212545073303,-0.113106428063786,-0.308793278641694,0.0282193114457848,-0.470624139149557
"682",-0.464998136548029,0.282609134660557,0.254134723251592,0.0174318236091912,-0.102197894319848
"683",-0.326994373087703,0.961733007118405,-0.701346861868807,-0.000623048668192098,-0.150210800065581
"684",-0.948789427409432,-1.29294370788288,0.934183817718719,-0.00563696242772799,0.526163999244084
"685",-0.395379135581614,0.0714050760542555,-0.70592271709946,0.0276458005452748,-0.0982273168111488
"686",1.48486048479028,0.208664220815421,1.21539942927616,-0.00802984945885537,0.814049993642469
"687",-2.62424571197983,0.714244367761981,-0.500571223905448,-0.00762520712968026,-0.714530582837136
"688",-0.986140057458283,-0.103537779044642,0.703440737630605,-0.00654317557911719,-0.0987056419059046
"689",0.493572223109332,-0.800599783952632,-0.769345440131811,0.0183295759770064,0.160465005850956
"690",-1.29709089765347,-0.0476892878528729,0.852823572167061,0.00604674510651317,-0.195043467775013
"691",0.299372372997021,0.439112115893771,0.11434446394283,0.0233534505603187,0.138021720310612
"692",0.412968578728045,-0.0718064057149081,-0.201041325303889,0.00577724419396317,0.0430801273456755
"693",0.942669237054963,1.1120285343295,-0.0629743427889567,0.0032643251760205,0.522353635079272
"694",-1.18778380141299,0.693438784656315,-0.228221670480158,0.00246049476655497,-0.274804321662844
"695",-0.400668052391266,-0.542398523307105,1.18022494563847,0.0238656054903425,0.297358021631021
"696",0.134110449622366,-0.350675029212372,1.00028675670923,0.0150266065150856,0.30432373082589
"697",1.26498524428482,-0.143030224961885,-0.183512314619463,0.0200162591487357,0.439526249191635
"698",0.131262451025432,-0.630838928258878,-0.00700234491606462,0.00195698318809144,0.0325242337025088
"699",-2.81309277891367,0.142544020683678,-0.780614036576533,0.0144083946731374,-0.858262801786539
"700",-0.842904888223099,-0.233161845206253,-0.238222170222865,0.0179989766187071,-0.27534021598478
"701",2.15082128786499,-0.54755797833978,1.48673628824299,0.0183337998881083,1.00771262078947
"702",-0.914032807624078,0.02021060754684,-0.495189707597871,0.0123426566053771,-0.461234615092583
"703",1.88116769106474,-0.382058275086064,0.249840279469347,0.00559128917407693,0.415927811198338
"704",-0.926554464457935,0.499106831819624,0.251113392107122,0.0102569395808795,-0.316847437983385
"705",-0.610500237209318,0.221083748097084,-0.691208654695997,-0.00258723600997552,-0.489719302220042
"706",-0.772903783203464,0.905916767267508,0.127047250719737,0.0126930553967775,0.277205793184422
"707",0.422943436756571,-0.256902236735918,0.964100226068623,0.00841251663191667,0.357724885863267
"708",1.51139173342228,0.179230581033796,-0.475142411384527,0.0100815778802673,0.280969000082073
"709",1.09424143273427,-0.177931959548375,-1.01503875687301,0.00487582167295239,-0.11633607521605
"710",-0.8539680463937,0.138115818691641,-0.549710004243812,0.0277458948523667,-0.35863724545582
"711",0.0283276591662345,0.645232095648473,0.588169475966965,0.00857484186174559,0.161637623102602
"712",1.10512586586261,-0.0509446695078413,0.738561423941737,0.0210614409920042,0.480909798054584
"713",1.50344763624799,0.65210537744242,0.940602587386574,0.0215226264700752,0.69591944578441
"714",0.206943351632338,-0.0784252561498587,-0.352493098201407,-0.0114526329916385,-0.0378231861682987
"715",-1.00152271269432,0.168391411748011,0.0715443073469917,0.00961094826864463,-0.252153368572587
"716",0.191717616364032,-0.557565039984674,0.145973537658475,-0.00153816888744337,0.156383938543055
"717",-0.822221786004679,0.377099059114868,-1.56404405432225,0.00992304368407985,-0.590234642306371
"718",0.483602988050061,-0.454302834946511,0.465418979891377,0.00818501466548616,0.171259806376146
"719",0.134503822388955,0.218178367985725,1.36364846923335,-0.00223228485167088,0.276494209067218
"720",-2.33934193625619,0.418404774253315,-0.234201720931776,-0.0085910449681214,-0.881674953065088
"721",-0.37798745314446,0.16399224870514,-0.127531128903583,0.00879495974894499,-0.0431977923581968
"722",1.09788099986894,-0.148068499336626,-0.0486826971692388,0.0211293873535762,0.376468250040484
"723",-0.300570057128278,0.253787341529827,-0.748067363661273,0.0134533623804809,-0.288069593006985
"724",-0.228522746457036,-0.0495234620008706,0.756285651121087,0.00580233832436357,0.163983430631349
"725",-1.51858883201989,0.997073266840731,-0.285861275675369,0.0263088090414581,-0.238998177294838
"726",0.866274718636906,0.667776027838832,0.440443298006123,0.0215795424124344,0.596316609379607
"727",0.518477092801608,-0.610904467340549,0.386589601563661,0.00586415441693752,0.464232427630501
"728",1.87758183919998,0.0263682625265739,-0.967384833682453,0.0188524900820083,0.394568550397244
"729",0.831312693930624,-0.239058643839331,-0.641462573703786,-0.00140302113836326,0.0966197177504269
"730",0.560228295466809,0.381121846023986,0.299374952631041,0.0171469225673301,0.235437449950065
"731",-2.15184594572059,0.244161664840379,-0.046611444809825,0.0104815230859849,-0.523512414402171
"732",-2.0107287784417,0.360645477922957,-1.45002769959876,0.0292512500722788,-0.860750661381508
"733",-1.09357747467727,1.11243902360085,0.29690570612226,0.0157989955196937,0.00768800101997659
"734",0.197982977669272,0.382609685315974,-0.0930610297692129,0.0203659409506294,0.00381217112354103
"735",1.24711928457526,0.731654376775575,-0.345108729660164,0.01604540047209,0.359436418075763
"736",1.52106678674729,-0.509183665578166,0.94550001412669,0.0223102986117648,0.58678219191751
"737",-1.39899323905506,-0.92614888644363,0.453986813831999,0.0116612481198298,-0.195315045801953
"738",0.375445834555344,0.468214918752927,-0.729527627954967,0.00459737285724171,-0.0801560360104411
"739",-1.08718029389786,0.103621980012356,0.854030653787411,-0.00553701568097247,-0.212789657277799
"740",0.962162865102211,-0.722605644300323,-0.323671489939025,-0.00248910961363755,0.316957017050232
"741",0.407985551004761,0.176774595387085,0.0738908833460655,0.0185563684286185,0.175121023483061
"742",0.139558923250157,0.331717036520948,0.858287031695909,0.0166479319615755,0.30658018168489
"743",-1.50562415114892,-0.0967867223800206,-0.29457637572551,0.0214480706649284,-0.470898238758763
"744",-1.53203281401882,0.711990675625103,-1.02826240647147,0.019845763762845,-0.42654455793535
"745",1.24599842588338,0.0388499486587823,0.473996550159966,0.0163191946956807,0.406782667999619
"746",-0.0574641308805576,-0.800790566958919,0.0597525522595846,0.00980366582166434,0.110160164674445
"747",-0.944879588241912,-0.0679409673649658,1.0387654749744,-0.00631077574725128,0.0724967493501819
"748",-2.31972645128736,0.547753353751104,-0.805836072698031,0.0207204371704804,-0.804798983086807
"749",2.75057324256052,-0.28586711502628,0.56472270137445,0.00637817829545358,0.910161625871655
"750",-0.513903203129229,0.784455729069313,-1.10280330469827,0.00693134698419501,-0.177995290045176
"751",-1.43530574099725,0.653690107024319,-1.22155953696441,-0.0146453880729524,-0.822231392154676
"752",-0.0753028321568481,-0.522206216797923,0.97292106287502,0.0101472092385852,0.242222892954663
"753",0.52262057200517,0.970877614239021,0.219302851672301,0.0127503055150009,0.283245977289406
"754",0.0549109851800883,0.638108128995264,-0.143971879534798,0.0131592646308503,0.111928115256139
"755",-1.4097927420121,0.867763123375396,-0.526234341499082,0.0106031935020785,-0.259019979164417
"756",2.69994545463747,1.43308945447052,0.245936693982066,0.0285031495970929,1.3395452066933
"757",-2.4207856357944,0.421799388825493,0.53032305578314,-0.000935939181439136,-0.307877040232135
"758",0.899465470947621,0.452403725347978,0.339907510075468,0.0240795307505093,0.258927347463827
"759",-0.535174932752879,-0.133140854132071,-0.112273593066064,0.0428553976462781,-0.153206255368085
"760",1.13040617879547,-0.213345803859242,0.814226460346862,0.0207342212354265,0.44342707249997
"761",-0.0932136786949368,-0.623869152964921,1.72713407365327,0.0146466938097294,0.377414234560503
"762",-0.363808533438434,-0.130803260056432,0.11984101011897,0.00936352897848497,-0.237338399464923
"763",-0.199653740862174,0.685156775429407,-0.44062434038373,-0.00100161044737099,-0.00177400400125211
"764",-0.901575770706123,0.232137966189327,0.00158734317081878,0.0235478658125323,-0.254259273693049
"765",-0.949850384294427,0.758874603798211,-0.867020255564417,-0.0030277268714411,-0.407631071336546
"766",1.15718189284625,-0.515597512187666,0.20405049659457,0.0273478685207507,0.368842350820033
"767",-0.00673143045985967,0.549589972779116,0.434719538400548,0.0068642601404471,0.112532455401554
"768",0.188726643201137,-1.02453372482245,0.210733383611296,0.0262478229369196,0.470909693452259
"769",0.735593270081316,0.348871963393926,-0.755400599521489,0.0131432589576513,-0.0289932998434133
"770",0.456315046449786,-0.157818494573583,0.895584930295802,0.0250667954413127,0.294184550219964
"771",1.19324105717203,-0.565776449285019,-0.350936498237881,0.0357695420673697,0.24461140977362
"772",1.75175863099669,0.153886773721776,0.2717413972797,0.00746725327664395,0.302875941081679
"773",1.52938601751861,-0.229698052332584,0.195923020395721,0.00241390828927257,0.539718186186009
"774",2.20394480373579,-1.56799327249745,0.246148311559007,0.0136952023331169,1.23695097600831
"775",-1.41221879204004,0.126025478355745,0.233283028284292,0.0138922696714933,-0.270902560563877
"776",-0.952820252657749,-0.0197559059609211,0.678919742749613,0.00634192530409376,-0.145722339604766
"777",0.532923344484195,0.119462903764085,0.3693270913525,0.0175908988043371,0.356941885793444
"778",0.170873195188506,0.835666995050178,-1.03113144589892,0.0133274783814512,0.0534199154881355
"779",-0.373773681057463,-0.110644041899965,-0.131622796696192,0.0265249119934034,-0.194231460343805
"780",0.677087663399513,0.554286802373452,0.965675064957318,0.00481894047965288,0.616838596919272
"781",0.43288501630395,-0.346875288326211,-0.17423636297003,0.0199531593438476,-0.0704145070799703
"782",-0.971050173725973,0.863017990880265,1.61822939811118,0.0129422499551776,0.428457802548809
"783",-1.84546736241402,-0.191201279151879,0.0922803352193287,0.0300831387324849,-0.461389372969713
"784",0.641400865690876,0.553406251894015,0.00354400383598456,-0.00282769515951312,0.123587664359212
"785",0.954117400136072,-0.174335144115879,0.431735143629808,0.02672655569973,0.372514395351683
"786",1.95518093499813,-0.347395717423482,-0.437615269936755,0.0108442740689698,0.409891166436266
"787",0.533817086331208,-0.0748058757465284,-0.202131870403321,0.0136677443238432,0.0159548096432078
"788",2.03420834582817,0.409220722521898,0.836634343781912,-0.000716069981710844,0.718203092640425
"789",-1.73735514567284,0.699673065723455,0.179579815006515,0.00716932471820069,-0.422192750283941
"790",0.934969740030106,-0.452200938009953,-0.344512065709977,0.00512353181726644,0.210473095319334
"791",0.554595877010918,0.0507672424133552,0.637747464667393,0.00161036316581421,0.269593244116319
"792",1.26088221949402,-0.102903474169876,-0.579179052057932,0.0148366095602947,0.114881075936769
"793",1.73305554912571,-0.336540868020749,1.65106291497465,0.0118875878076677,0.73085425110826
"794",-0.493715701680432,0.431155685467042,-0.402157837004487,0.0191867040035738,-0.263229581857539
"795",0.134560404326085,-0.0205623394506903,0.348947817203293,0.00806904356295558,0.134052488747786
"796",0.722203664928238,0.47948188025971,-0.437251319387609,0.00902987621312189,0.146196962462679
"797",0.301585133383295,-0.422431345446964,0.851754735626053,0.0287293120874366,0.394451399943064
"798",0.354568241412569,-0.192878452838155,-0.0802343401385865,0.0226157487591244,0.124367114422773
"799",-0.820783026458443,0.439773066146346,-0.563588269990385,0.00980299067763785,-0.33361024939561
"800",0.495888461731981,0.509565624919919,-0.567963550574415,0.0168086372777847,0.0683832541687502
"801",-0.0338128337211627,0.196295924407864,0.331095571221078,0.0309308618631306,0.00570753448999019
"802",-1.08467466368981,-0.875493224064617,-0.508576075991611,0.0116984645855986,-0.186507653482035
"803",-0.327537081303859,0.0961452625464208,-1.23380609752965,0.00741221928997207,-0.414318747619257
"804",0.079069167544339,-0.986833307623636,-0.0475593834496049,0.0204855378942309,0.469691526855872
"805",0.525215525682871,0.35842693196621,1.33079293179726,0.00531297275575129,0.330270961139855
"806",-2.66241256018699,-0.0345662303350307,-0.59864769029634,0.00817112254123235,-0.755553670462741
"807",-0.490941430327781,0.409678360555181,-0.0264753493167179,0.0148805852219353,0.0112920651676189
"808",-0.894193782858261,-1.38759413330651,0.379425078354348,0.0147571754922734,0.421924481235834
"809",-0.0891035774848253,0.0206731366642376,-0.20380762631823,0.00885371469140536,-0.250020427085501
"810",-1.46213018584086,0.465347693228342,-0.324303515838069,0.0338551194565752,-0.360574001766342
"811",0.879623737763421,-0.73669511817118,0.2574191944215,0.0302785147431502,0.559515562855773
"812",0.0377490736282598,-0.838595137840713,1.74889259373562,0.0180472772500151,0.680309225443914
"813",1.55340084023589,0.230542810770451,0.374710324321362,0.0105667493245401,0.691856265133517
"814",0.151228016383472,-0.231603227395832,-0.660344142854511,-0.00604970513962647,-0.00528989298825841
"815",-1.88485811383491,-0.226964529099227,-0.529851541983842,0.014168277930521,-0.720268377532761
"816",-1.07673994035663,0.982895138482167,0.72805649636387,0.00711889107542339,-0.0123560390636339
"817",0.994387460610814,0.525150861556327,-1.54523436314614,0.0239793523392018,-0.333112537743751
"818",1.27446018332141,-0.0304349968126343,-0.355898714697605,0.00760877981036712,0.210286439086199
"819",-0.678248944921162,0.10406089022881,-0.643541134115762,0.0197394599609315,-0.398937761806266
"820",-0.0664292002146682,0.247164625936908,-0.22712129632864,0.0337602829880155,-0.0414809329720078
"821",-2.07350802961588,-0.181361970214729,0.945533882967649,0.0151704582032035,-0.06787689813437
"822",0.540786310666408,-0.255169245820147,-0.360869486820436,0.00746734760657901,0.0685433693446097
"823",0.29781905549415,-1.07211447151876,-0.534722213918082,0.0145463042523972,0.0907879524380165
"824",0.660440528300054,0.13797872929426,0.162603564740148,0.0169784771485357,0.210066433180671
"825",-1.6626270066986,-0.516879247131647,0.821012667774836,0.0269239779483071,-0.180974860623624
"826",-1.32561638000882,0.840535265875207,0.345026169794182,-0.00016969676154123,-0.285090034019616
"827",-0.425513261954995,0.254847266686192,-0.746671198268197,-0.0284163585268446,-0.494992455196067
"828",1.74355094323037,0.0203392455640808,1.28706587187629,0.00662716846658237,0.817888101268597
"829",-0.515933822708929,0.0726556414286646,0.371639835460807,0.00926551245226174,-0.112692345018213
"830",0.0189942852173874,-1.05464633867292,0.631867861423103,0.0107159046336869,0.494702611757303
"831",-0.722367193496844,0.485128240554363,-0.173121816027853,0.0315025454859384,-0.00260154566715515
"832",0.477975122787582,0.165061082408021,-0.0517974803099368,0.0118254180680639,0.105005610678726
"833",0.553849750299544,0.27598130519946,0.3243950150421,0.00598735126563699,0.158859777245569
"834",0.587835050965213,-0.142573570760436,0.342363417333497,0.0331065983585064,0.0942448022306524
"835",0.38051788545224,0.991619029390544,1.13464129542755,0.0219151072628992,0.819821169692018
"836",0.247588520402043,0.847891596087573,-0.21395846668652,0.0112224682250635,0.259381889177475
"837",0.574055885948955,-0.99196234996957,0.467260831297888,0.0176031922122735,0.505552663156945
"838",-0.824181946991163,0.241782203866271,0.13158519281683,0.0332710030850056,0.0481283396523648
"839",0.598695781253886,-1.6322920883666,-0.784806281068883,0.0272452774222707,0.531864254563898
"840",-0.261781564094768,-0.946509442254964,0.158955028119562,0.0175294026726972,0.0128483541475643
"841",-0.405839157196835,-0.232883117174392,-1.63311899583202,-0.00472593354531129,-0.418760464348146
"842",1.10837464340121,0.0243769647181742,-0.1253668159638,0.00315086656433923,0.231309265716399
"843",0.68361661290022,0.356668965085514,-0.11875880932323,0.00223766770599558,0.213411153956758
"844",-1.98313453411827,-0.443759264560248,1.17933342003578,0.0224080484808743,-0.028422203056443
"845",-0.922743053691292,0.937275952079573,0.824034327548565,0.0177317192535323,0.167814597451713
"846",-0.387263536076576,-0.0223929139417137,-0.817936475553224,0.0135037952923988,-0.123717148138764
"847",0.734656766432082,0.159994353258923,-0.496134738861565,0.000861886833012809,0.131506142186075
"848",2.03807246624946,0.909922190529525,0.260133920407169,-0.00446976809077135,0.750242687372847
"849",1.59352797054464,-0.550926186502864,1.88365669284637,0.00940793348217794,1.05674457719728
"850",0.043284035516691,0.892198993590822,-0.111642256151094,0.00509980949014626,0.370347896607013
"851",-0.0753328752292932,-0.810852704843687,0.540683295666724,0.00591192882524521,0.496097386470111
"852",0.411252668008545,0.386032321562623,-0.225731676107463,-0.00232519139579901,0.0858206998751083
"853",0.0597685531845116,-0.0626679931054162,0.0360736289645009,0.00494172667726646,0.141889104634576
"854",0.861955615118881,-0.440602060912976,-0.816981399033202,0.0194095500129913,0.106960692207452
"855",-0.24708738900352,-0.42554769043055,-0.729928844140584,0.00588337413443725,-0.255189039264967
"856",-0.0512061991711286,-0.136073041870425,-0.378722118209256,0.0197285416746194,-0.380288515168669
"857",0.736100403928337,0.0539982861851943,-0.647843785119783,0.0145888138702481,0.101386217112691
"858",1.52162449030145,-0.498066427337779,0.554925001496184,0.0299291724016387,0.625381203827165
"859",-1.39042796454399,0.000851177123378034,-0.401834147109775,-0.00376436306558588,-0.607419648991547
"860",1.44839816059335,1.11067158023679,0.260414147926926,0.0293274957629689,0.683313290538962
"861",-0.0712494578585207,-0.700445651086473,-0.00812097389268077,0.0023044018311372,0.231330081245256
"862",-0.635340176018179,-0.242899134817745,0.0489116097980824,0.0197382840444011,-0.266617493235853
"863",0.217938507433569,0.404020886354398,0.278347277262787,0.00855076402330882,0.130361807563713
"864",2.23473948617667,-0.250275579858654,0.234537620384902,0.0214128932266468,0.797713435714056
"865",0.00350397594171268,-1.20858270875803,-0.701255190596023,0.0374512028066556,0.353078546062347
"866",-1.17546538462192,0.525110975019606,0.731379869814527,0.015348401061569,-0.134710514669041
"867",0.782826225150886,-0.434219808367742,1.25860692095745,0.0105744278369166,0.593576018951194
"868",-1.65511237485567,-0.407356620094773,0.965408774696653,0.00948927780530513,-0.273317399554492
"869",-0.856997244204609,-0.532121115147042,0.415691526641653,0.0207505566047349,-0.0104311281087725
"870",1.26498371141493,-0.801405943683659,-0.424351531918607,0.0248419289226133,0.338360065625058
"871",-1.64294694716341,0.594001848611729,-0.438669739237601,0.0185436354673697,-0.350316699396754
"872",1.60950124866296,0.949034812416137,0.252296746988261,-0.0017018045528093,0.716968449620294
"873",-0.830572610670431,0.481567150177102,0.544306925803421,0.0133186168135802,0.0627054527660009
"874",-1.36505348921462,1.14847738350603,-0.0418083299681078,0.0242275423755567,0.0523204704076864
"875",-1.36854156395547,-0.398822973738183,0.413505553951308,0.0335906511011596,-0.152366879708019
"876",0.861207139821856,0.349700801359612,-0.894245323880214,0.024778884957385,0.188874995361089
"877",-0.78755939514405,-0.143010321115169,-0.0947536112496787,0.0206913219053807,-0.233543288335752
"878",0.151086512663811,-0.911673000667167,0.362018799816189,0.02075637451821,0.397504454032469
"879",1.2515767506513,0.196216971818371,0.943389229328987,0.0124137512722179,0.570504808222197
"880",-1.71322606889017,0.727034740404981,-0.593625044840728,0.016977460508873,-0.545885317561361
"881",0.284822132545723,0.30032366836313,-0.52462011245188,0.0152660405351966,0.0588933348011262
"882",-1.03500518099507,-0.223888554551216,-0.12819320932104,0.0276361361782221,-0.325661099577962
"883",0.532623614058691,-0.181459165211449,-0.603595484390491,0.0188101586142862,-0.0404691545742025
"884",0.408246856138014,-0.326010944740156,0.220758515134095,0.0104267459082876,0.21567976121351
"885",0.292446019113383,-1.20039328132553,0.438323303800679,0.00841199163484186,0.486771133482217
"886",0.708311129386656,-0.223780397738095,0.0147323956431868,0.00248039041595478,0.0482833194337237
"887",0.590437547591737,0.410758373532484,0.683468446553186,0.0211166437979215,0.363568678989999
"888",0.148292275879762,0.0372531111454831,0.123525061132884,0.00887307375502874,-0.0744808353941989
"889",-0.450346658136477,-0.467925796569651,0.533058130677135,0.00526241610402301,0.0332086323120016
"890",0.864903157719671,0.87735408884973,0.250952033536588,0.00641937441847564,0.297723209839898
"891",-0.126806554817046,-0.66591159051079,-1.51117785059815,0.0267717199099256,-0.268110346591524
"892",-0.335168121288127,-0.667010978393413,0.924461871636974,0.0266864658700601,0.209009744506687
"893",0.172452221919473,0.0658632933098995,1.33369306679535,0.0278245618740133,0.410916669946706
"894",-0.477819814747547,0.373446465438318,1.14633402324184,0.0229101036615566,0.0724828394781877
"895",-0.145027635134579,-0.67408614719952,-0.457917599078386,0.0119775546429984,-0.187482425275273
"896",0.619273782604711,0.0364413069516876,0.344392060365808,0.0323294630424395,0.175678357591316
"897",0.964132674205457,-0.124729479995609,0.563167455448244,0.00348087550930303,0.238017848348829
"898",1.52007416369056,-0.22190940890389,-0.633996485090301,0.00414227769507707,0.058819672794297
"899",0.415948325730269,0.387489996861602,0.169665329839327,0.0211578428986228,0.140386481300949
"900",-2.22723304525987,-0.234944502343582,-0.194110016117986,0.029147195464723,-0.514098427817478
"901",1.60042938261558,-0.73074326854168,0.946379756698918,0.00387752975997818,0.738738534183149
"902",0.367858390031028,-0.134469310839146,0.051169924076578,0.0194380337972803,0.216297742518359
"903",-0.644217127267865,-0.55951694424721,0.512048911510666,0.0135291440349691,-0.157962706125477
"904",2.44625533266158,1.19519897441644,0.491807231239,-0.000896431871407359,0.998974981618405
"905",2.01138565823271,-0.79622728754541,1.16894813983563,-0.00309494171912,0.986908440132742
"906",2.53980642596497,-0.483996645773711,0.374955835695222,0.00552915187814698,0.827696131616657
"907",0.613180309449357,-0.240978014748835,0.66485040939122,0.0148231052519967,0.391703575083738
"908",-1.0428262249127,0.124841587666782,-0.695264198446218,-0.00565401163062524,-0.430398713679747
"909",-0.655831439127136,-0.962136639537369,0.292775553830431,0.015582638258159,0.200899729469822
"910",-0.837278251673677,0.175999393108031,0.0087790259377291,-0.0114785508594746,-0.0541431138153483
"911",-0.684458987858094,-0.574979541139581,0.300325301399898,0.0139204068041751,-0.109193644736165
"912",0.230744433975637,-0.0011833087366205,0.0539439043012392,0.017898345280165,0.0450814329770875
"913",-0.572896321768507,0.991350540907479,0.169171416363079,0.00640393657725398,0.0111505347267624
"914",0.855661800007464,0.940956217623689,-0.484524680679546,0.0223297726951545,0.436796029360833
"915",-1.65785677702005,-0.527764880147156,0.172343568954776,0.00580898980351514,-0.459427754677476
"916",1.3415134653014,0.534512775125295,0.481694058978829,0.013752348915252,0.510694769890789
"917",1.5659017516996,0.741817439414961,1.26659019014373,0.000887125221692157,0.810838825997007
"918",0.529198884731956,-0.832383589861669,-0.207440600576766,0.00674613420677119,0.114253640853263
"919",-1.00191278157806,-0.481261798481773,0.482252525795689,0.0110086342739936,0.0226168079722401
"920",0.690245747797494,-0.851594903358044,0.474429539809478,0.0212249956101574,0.422498370134793
"921",0.794764618403093,-1.26585125283091,-0.0620634491181395,0.00493542696526496,0.611552899044672
"922",1.34409629940509,-0.5004055000615,-0.858408814357044,-0.00283670292761378,0.134906083477066
"923",-0.732951039934256,0.11067995284581,0.0369145702333758,0.000390762683589656,-0.16373889434777
"924",-0.300475016261376,-1.1309090456887,-0.0774624957290817,0.0427454210027142,0.27186135336795
"925",0.00706838846102496,-1.02357433741329,0.400066439279594,0.0262882790169959,0.396207604543778
"926",0.864757629181432,0.175730957358909,0.438706699937843,0.019413988993056,0.373990572334959
"927",0.588413208285623,-0.0122500316212998,0.350762046981393,-0.000891934571077875,0.15361984153612
"928",-0.0314373720188425,0.686762788308382,-1.22182646943962,0.0016975573319446,-0.146307859593069
"929",1.58792009787454,-0.509545495827293,-0.553918834646799,0.0229689032688163,0.354797672538234
"930",0.193262049826574,0.303974764163893,1.55240354557925,0.0141574233224791,0.652073462666366
"931",-1.51917917457734,0.349912222714643,-0.575757148722516,-0.00390293387593327,-0.539679967294526
"932",-1.89624425294709,0.235594204338491,0.974425537974188,0.000861489761987667,-0.108479146865136
"933",-0.933183859163007,0.0374828905210949,-0.00568002199307187,0.00365075775485061,-0.116699767668354
"934",-0.119062683278362,0.915175696653876,0.25342301345948,0.0158816160645447,0.341679419037824
"935",-0.777765785890583,-0.0587108390759804,-1.47134245651068,0.0237265296359103,-0.568582928714142
"936",0.299706100901865,-0.801579563666145,-0.141407246539534,0.0200368452551808,0.366086623957455
"937",1.3481476103742,-1.01328731759138,-0.675969727829259,0.0213663275003715,0.570658879472564
"938",0.0802826783629936,-0.536642722776536,1.04030404449067,0.0153158503885034,0.349776848631957
"939",0.600622753071138,-0.456949900798691,-0.35805554239878,0.0186414224972334,0.0627505520589032
"940",1.27528818171151,0.296766718040508,0.339684851386866,0.00921921600662859,0.405397258490991
"941",-1.64796260913098,-0.202018465080481,0.391784321248429,0.00553431751072558,-0.232920705187229
"942",1.1821790348288,-0.268454025117557,-0.479254146519965,0.0184880763536882,0.224935287568737
"943",0.729922601374791,-0.78907443315453,1.08792828523995,0.0244461836230106,0.662013618208293
"944",0.0591261112113235,-0.835795215736421,0.201816184094468,0.0264909327483218,0.11491796575221
"945",-0.936838434997845,0.922295823208862,-0.836962772471765,0.00312649058958253,-0.200272995741007
"946",-0.0169052011574679,0.172017591641599,0.0830604498040099,0.035067957972481,0.0858497495477213
"947",-0.494854945646068,0.369367132980265,-0.319264021745153,0.0157440388639957,-0.264997953316544
"948",0.869860093862374,-0.0244200817446738,0.402203139801464,0.0250609741415003,0.307758781871118
"949",0.693764755656025,0.59432031788459,1.2055047926065,0.00530309171382036,0.570059853615586
"950",-0.393167896948921,-0.164784892547511,-0.279039582833374,-0.000961289551662749,-0.0539855012141471
"951",0.909120000280971,-0.240874437785535,-0.736488922175583,0.0291119185057573,0.3459716734048
"952",-1.33931449484156,0.511446396935072,-0.326838756749546,0.0157347764152239,-0.249543995383464
"953",0.958853395700573,0.934041924341189,0.0987910222381573,0.00615990184541653,0.446108554273025
"954",0.69825076295262,-0.323701669296655,1.08279884293656,0.000849904611686195,0.452144125389758
"955",1.04260322086981,-0.0750465985703737,0.455300017218324,0.00388864538019229,0.375479417047529
"956",-1.57522536255103,0.64481720327468,0.385807631349636,0.00669725246135029,-0.157476945854534
"957",0.761571328489941,0.71045755560366,-0.189310510332192,0.0153685257249608,0.269040095298872
"958",-2.73181849912776,0.411888883988853,0.229021628435321,0.000967196141308526,-0.662659745965185
"959",-0.729867320511918,-0.0849996209780671,-0.127464164739527,0.0279228915414385,-0.110134260441399
"960",-0.0573584429535715,0.391115560343921,-0.312244228718533,0.0278834114052348,0.0272361771021037
"961",-0.0799401809437632,1.77327455212876,0.618244787322018,0.018854076228769,0.963243813032337
"962",0.416087474940705,-0.398869098933353,-1.4339638906713,0.0118666984133464,-0.123503437801529
"963",-0.0215577440258825,0.855642196340243,0.151446176302293,0.0231804759848151,0.233412508733672
"964",0.664826279344286,-0.475145910093252,0.0710776669844758,-0.0100817763767676,0.289983749652693
"965",0.293649595563026,-0.389941402700024,-0.323798821349051,0.00688927020761405,-0.0233571134929546
"966",0.805994461737084,-0.642447367874448,0.944086529989878,0.0248994862192377,0.588382676236032
"967",-1.31186409824778,-0.77033225055676,-0.0496743552932683,0.0085395109947465,-0.398681025020282
"968",-0.85199665803061,0.980373973323721,0.170644514537524,0.0191691282341431,0.0844377093548691
"969",-0.390898729332689,0.210751538536016,-0.450390562747898,0.00156769326527638,-0.0320088624116784
"970",-1.89482322239935,0.657133512821198,-0.134337640754585,-0.0102222966295264,-0.324887713828635
"971",0.655075515919722,0.9065280993441,-0.372725348891824,0.016392069288291,0.458300888661884
"972",1.86016210590814,-0.704471639070065,0.125776387425907,0.0156344089946126,0.4010966713072
"973",1.10136726089847,0.542547864073885,0.477299802775195,0.0137246319172963,0.419391696628969
"974",-1.3726693499601,-0.293046827727458,-0.224497796755585,0.0330741518160185,-0.359959546056751
"975",2.07881811936211,-0.228549949954407,0.104006393878187,-8.71434882696396e-05,0.594642499971821
"976",-1.16866109275644,0.439349723440889,-0.318728444529993,0.0346288256573292,-0.299781250518641
"977",-0.821739807202371,0.746775090690184,-0.0911290317159765,0.0333180224176413,0.0453677178226471
"978",1.01281656663865,-0.33772293237927,1.12025138475755,-1.73674642783284e-05,0.522575138370706
"979",2.91048387789006,-0.289842859472909,0.166008132839978,-0.00621565282366761,0.63757931482426
"980",1.50114119154099,0.268517318229335,-1.08797661652223,0.0110498183896982,0.100742081957927
"981",-0.472747475544142,-0.17258234618086,0.607206347076218,-0.00286083393634869,0.181989702921978
"982",0.806088081408116,-0.291183861211508,0.158771912210024,0.028743516230815,0.244609048203943
"983",1.39639069226057,0.915689592668907,0.310150274847454,0.0192792467858591,0.497271165379525
"984",1.36372178024768,-0.0381235107790175,0.581867900296156,0.00921399150972838,0.609846743965128
"985",0.226878704013034,-0.522317221914989,-0.257547815733779,-0.000820728761509964,-0.27425783862514
"986",0.67202490195456,-0.339416886373436,-0.052680188147172,0.011002200370121,0.315749990127125
"987",2.76412572698051,-1.0251039761124,0.224965659870608,0.00474953756127319,0.887440407882325
"988",0.85975671795083,-0.998723814439156,-0.471381494908386,0.0073243979518543,0.253911514179179
"989",0.202156589101192,1.12491471167832,1.25037746962739,0.00707576174965277,0.566834909969906
"990",-0.786036017640893,-0.103852171019832,-0.505263943364963,0.0297334680182224,-0.436585525787788
"991",0.00451495376749584,-0.324937504751854,0.574497753060055,-0.00505404627719061,0.204914290908195
"992",-0.589352929211529,0.0565500299659229,-0.976585754868742,0.00559247949845666,-0.274868792445858
"993",0.169992925492175,0.281313033673784,-0.296658240621433,0.011552708894634,0.0167696586277891
"994",1.17850292202297,-0.337024142348472,-0.00760166417920767,0.00775636666720654,0.0984856778712664
"995",-0.212795837282358,0.306600564329141,-0.435020217635602,0.00456404558218118,-0.0377514668131628
"996",0.0549022325160142,-0.0479196501802618,0.250541531459488,0.0137653746243153,-0.0240591974498
"997",0.191274862977036,-0.247311279620764,-0.596339904055418,0.0044818055540399,-0.0778115245816239
"998",0.101547510404157,-0.0629923837326621,-0.745833430984988,0.00815509019226262,-0.182188983451258
"999",1.07238546402047,-0.134681977807877,0.326819164535253,0.00503067524089325,0.312021539870602
"1000",1.42372707639666,0.387649448150642,0.145016694653237,0.017767507895007,0.368535864335145
